judul_berita,penulis_berita,url_berita,media_online,tanggal_berita_dt,source_domain,artikel_berita,status,error,is_empty
Anyaman Kebumen Go International! Taklukkan Amerika - EropaResearch4 menit yang lalu,Tidak Diketahui,https://www.cnbcindonesia.com/research/20250918165138-128-668258/anyaman-kebumen-go-international-taklukkan-amerika--eropa,cnbc,2025-09-22 00:00:00+07:00,www.cnbcindonesia.com,"Anyaman Kebumen Go International! Taklukkan Amerika - Eropa
Jakarta,CNBC Indonesia- Sebuah langkah penting dicatatkan dari Kebumen, Jawa Tengah. Untuk pertama kalinya, produk kerajinan berbahan serat alam asal daerah itu berhasil menembus pasar Amerika Serikat (AS).
PT AgrominaFiber Java Indonesia, UMKM binaan Yayasan Pertamina, mengirim enam kontainer berisi 9.000 keranjang berbahan pelepah pisang dan eceng gondok dengan nilai US$57.200 atau setara Rp937 juta.
Pelepasan ekspor perdana ini dilakukan secara daring pada Selasa (16/9) oleh Direktur Jenderal Pengembangan Ekspor Nasional (PEN) Kementerian Perdagangan, Fajarini Puntodewi.
Dia menegaskan, capaian tersebut menjadi bukti bahwa produk UMKM Indonesia mampu bersaing di pasar global, khususnya pada kategori kerajinan ramah lingkungan. ""Dari Kebumen, kita bisa menghadirkan karya lokal yang kompetitif, berkelanjutan, dan diminati pasar dunia,"" ujarnya.
Keberhasilan ini berawal dari partisipasi PT AgrominaFiber dalam Trade Expo Indonesia (TEI) 2024. Dari ajang itu, transaksi bisnis berkembang hingga menjadi pengiriman nyata ke AS.
Direktur perusahaan, Rudi Hermawan, menekankan bahwa daya tarik produk mereka terletak pada tekstur serta warna alami hasil anyaman, yang semakin relevan dengan tren konsumen global yang mencari produk berkelanjutan.
Di Kebumen sendiri, ekspor ini membuka peluang kerja baru. Lebih dari 300 perajin lokal di berbagai desa kini terlibat dalam rantai produksi, memperkuat dampak ekonomi langsung bagi masyarakat.
Bupati Kebumen Lilis Nuryani menilai capaian ini akan menempatkan Kebumen sebagai salah satu basis produksi ekspor kerajinan yang mengangkat potensi lokal sekaligus meningkatkan kesejahteraan warga.
Sebelumnya, PT AgrominaFiber telah menembus pasar Dubai, Belgia, Nigeria, dan Cile. Target ke depan adalah memperluas pasar, meningkatkan repeat order dari mitra AS, serta mengembangkan produk baru seperti topi anyaman.",ok_trafilatura,,False
"Dapat Suntikan Rp 10 T dari Purbaya, Ini Respons Bos BSI (BRIS)Market4 menit yang lalu",Tidak Diketahui,https://www.cnbcindonesia.com/market/20250922154251-17-669160/dapat-suntikan-rp-10-t-dari-purbaya-ini-respons-bos-bsi--bris-,cnbc,2025-09-22 00:00:00+07:00,www.cnbcindonesia.com,"Dapat Suntikan Rp 10 T dari Purbaya, Ini Respons Bos BSI (BRIS)
Jakarta, CNBC Indonesia - PT Bank Syariah Indonesia Tbk (BRIS) mengapresiasi penempatan dana Rp 10 triliun dari Kementerian Keuangan yang kini dipimpin oleh Purbaya Yudhi Sadewa. Direktur Utama BSI, Anggoro Eko Cahyo, mengatakan secara umum di sektor perbankan hal ini dapat mengurangi tekanan di perbankan sebagai dampak geopolitik global.
""Kami di BSI dapat Rp 10 triliun, yang pasti ini akan perkuat Financing to Deposit Ratio (FDR) kami, dan kami juga akan bisa meningkatkan pembiayaan ke sektor riil,"" ungkap Anggoro kepada Media dalam Press Conference Kinerja Triwulan II Tahun 2025 PT Bank Syariah Indonesia Tbk secara daring, Senin (22/9/2025).
Secara rinci, Anggoro menjelaskan bahwa BSI fokus pada produk syariah dan ekosistem, serta mendukung value chain di bisnis ekosistem islam, seperti makanan halal, fesyen halal, dan wisata halal.
""Harapannya dana tersebut bisa menggerakkan ekonomi nasional dan kesejahteraan nasional,"" jelas Anggoro.
Adapun untuk FDR BSI naik dari semula 61% dan sejalan dengan penurunan BI Rate saat ini naik menjadi 86%. Anggoro pun memastikan bahwa BSI optimis terus positif hingga akhir tahun untuk segmen-segmen retail yang tangguh dan kredit yang tersalurkan secara aman di masyarakat.
Untuk diketahui, per Juni 2025, laba BSI tumbuh solid di angka 10,21% (YOY) mencapai Rp3,74 triliun (audited). Adapun pembiayaan BSI tumbuh lebih tinggi dari industri perbankan nasional yakni pada level 13,93% (YoY) dengan outstanding mencapai Rp293,24 triliun. Mayoritas pembiayaan dikontribusi segmen Ritel dan Konsumer termasuk emas sebesar Rp211,78 triliun yang mengomposisi 72,22%, disusul segmen Wholesale sebesar 27,78%.
Pembiayaan bisnis emas BSI melesat 88,25% (YoY) mencapai Rp16,88 triliun yang terdiri atas Cicil Emas Rp9,09 triliun tumbuh 155,41% (YoY), dan Gadai Emas Rp7,79 triliun tumbuh 44,08% (YoY). Melesatnya pembiayaan emas mendorong pembiayaan Konsumer BSI naik 16,20% dengan oustanding Rp162,19 triliun.
Tak hanya tumbuh sustain, kualitas pembiayaan terjaga dengan indikasi NPF Gross 1,87% membaik dari periode sebelumnya dan lebih baik dari posisi industri yang berada pada level 2,22%. Dana Pihak Ketiga (DPK) BSI tumbuh konsisten dengan Tabungan sebagai engine growth, sehingga menjaga komposisi Dana Murah (CASA) di level 61,78% atau Rp199,48 triliun.
Ekosistem payroll dan haji terbukti mampu mendorong pertumbuhan DPK 8,83% (YoY) mencapai Rp323 triliun. Tabungan BSI mencapai Rp141,30 triliun, tumbuh 9,71% (YoY).
(fsd/fsd)
[Gambas:Video CNBC]
Next Article Luncurkan BEWIZE, BSI Bidik Pertumbuhan Nasabah Korporat Hingga 50%",ok_trafilatura,,False
"Purbaya Kantongi Nama Penjual Rokok Ilegal di Bukalapak, Tokopedia, CsTech11 menit yang lalu",Tidak Diketahui,https://www.cnbcindonesia.com/tech/20250922152935-37-669152/purbaya-kantongi-nama-penjual-rokok-ilegal-di-bukalapak-tokopedia-cs,cnbc,2025-09-22 00:00:00+07:00,www.cnbcindonesia.com,"Purbaya Kantongi Nama Penjual Rokok Ilegal di Bukalapak, Tokopedia, Cs
Jakarta, CNBC Indonesia - Rokok ilegal tanpa cukai masih banyak beredar di ecommerce. Kementerian Keuangan dalam waktu dekat mulai akan menindak penjual rokok ilegal secara online berdasarkan data dari platform ecommerce.
Menteri Keuangan Purbaya Yudhi Sadewa mengatakan bahwa platform ecommerce sudah dipanggil terkait pedagang rokok ilegal di platform mereka.
Ia meminta agar platform mulai bertindak untuk membersihkan marketplace masing-masing dari penjual rokok ilegal.
""Kami sudah panggil marketplace Bukalapak, Tokopedia, Blibli, semua, untuk menjalankan untuk tidak mnengizinkan barang ilegal. Utamanya rokok, nanti yang lain juga,"" katanya.
Para platform, jelasnya, tadinya berkomitmen untuk menurunkan semua konten penjual rokok ilegal di platformnya mulai 1 Oktober 2025. Namun, dia meminta agar penghapusan dilakukan lebih cepat.
Selain itu, Kemenkeu juga akan menindak langsung pemilik akun yang menjual toko online berdasarkan data yang sudah dimiliki.
""Nanti mulai, kan sudah ketdeteksi siapa yang jual. Kami akan mulai tangkepin, yang sudah, mulai jual, jangan jual lagi,"" kata Purbaya.
Selain di ecommerce, Kemenkeu juga akan memburu para pemasok rokok ilegal dan pedagang offline yang menjual rokok ilegal.
""Kami akan kejar suppliernya, di warung juga, katanya ada yang jual per toples murah. Kami akan cek. Siapa pun jual rokok ilegal, saya akan datangi secara random,: kata Purbaya.
(dem/dem)
[Gambas:Video CNBC]
Next Article TikTok Shop & Tokopedia Punya 8 Juta Afiliator, Dorong UMKM Makin Cuan",ok_trafilatura,,False
Kemenkeu Catat Setoran Pajak RI Tembus Rp1.135 T per Agustus 2025News12 menit yang lalu,Tidak Diketahui,https://www.cnbcindonesia.com/news/20250922153756-4-669155/kemenkeu-catat-setoran-pajak-ri-tembus-rp1135-t-per-agustus-2025,cnbc,2025-09-22 00:00:00+07:00,www.cnbcindonesia.com,"Kemenkeu Catat Setoran Pajak RI Tembus Rp1.135 T per Agustus 2025
Jakarta, CNBC Indonesia - Kementerian Keuangan (Kemenkeu) mencatat penerimaan pajak bruto kumulatif bulan Januari - Agustus 2025 tumbuh 2,1% menjadi Rp 1.442,7 triliun dibandingkan periode yang sama tahun lalu sebesar Rp 1.413,4 triliun.
Pertumbuhan ini ditopang oleh sektor ketenagalistrikan, pertambangan bijih logam, perdagangan online dan perdagangan besar hingga pertanian tanaman.
""Jadi teman-teman pendapatan negara per Agustus 31 adalah 57,2%, itu pencapaiannya dan penerimaan pajak 54,7% jadi tidak terlalu jauh dari average cukai 62,8% dan PNBP 64,3% ini capaian per hari ini dibanding outlook 2025,"" kata Wakil Menteri Keuangan Anggito Abimanyu, dalam konferensi pers APBN KITA, Senin (22/9).
Namun, jika dilihat lebih lanjut secara neto, penerimaan pajak totalnya mencapai Rp 1.135,44 triliun. Pendapatan neto ini didapatkan setelah dikurangi oleh restitusi.
""Secara bruto konsisten sejak Maret kita mengalami pertumbuhan yang positif, kalau neto angkanya 54,7% dibandingkan dengan outlook,"" paparnya.
Namun, penerimaan neto pajak pada bulan Agustus mengalami penurunan sebesar 3,8%. Anggito menuturkan penurunan ini dipicu oleh faktor restitusi.
""Jadi akan selalu ada faktor korelasi antara penerimaan bruto dan neto,"" tegas Anggito.
Adapun, secara bruto, PPh Badan kenaikan sebesar 7,5% menjadi Rp 280,08 triliun. Namun, secara neto, besaran PPh Badan ini turun menjadi Rp 194,20 triliun atau minus 8,7%.
Kemudian, PPh Orang Pribadi mengalami kenaikan baik secara bruto dan neto, yakni masing-masing Rp 15,98 triliun dan Rp 15,91 triliun. Capaian bruto dan neto ini meningkat masing-masing sebesar 38,8% dan 39,1%.
Lebih lanjut, PPN & PPnBM secara bruto mengalami penurunan 0,7% menjadi Rp 631,8 triliun. Sementara itu, PPN & PPnBM secara neto juga turun 11,5% menjadi Rp 416,49 triliun.
""Untuk yang netonya itu ada koreksi dari restitusi,"" ungkap Anggito.
(haa/haa)
[Gambas:Video CNBC]
Next Article Setoran Pajak Drop 10,74%, Baru Capai Rp557,1 T per April 2025",ok_trafilatura,,False
"Hati-hati Jika WhatsApp Mendadak Begini, Kenali Ciri Disadap dari JauhTech19 menit yang lalu",Tidak Diketahui,https://www.cnbcindonesia.com/tech/20250922130811-37-669069/hati-hati-jika-whatsapp-mendadak-begini-kenali-ciri-disadap-dari-jauh,cnbc,2025-09-22 00:00:00+07:00,www.cnbcindonesia.com,"Hati-hati Jika WhatsApp Mendadak Begini, Kenali Ciri Disadap dari Jauh
Jakarta, CNBC Indonesia - WhatsApp sudah menjadi aplikasi yang erat dengan aktivitas pengguna HP sehari-hari. Fungsinya yang kaya membuat pengguna terus terkoneksi dengan orang lain.
Namun, ada banyak peristiwa penipuan yang bermula dari WhatsApp. Salah satu yang perlu diwaspadai adalah WhatsApp disadap dari jarak jauh oleh oknum tak bertanggung jawab.
Ada banyak cara peretas melakukan penyadapan seperti memasang aplikasi pihak ketiga, memanfaatkan WhatsAp Web, dan mengirimkan malware. Biasanya ini bertujuan untuk melakukan penipuan hingga menguras rekening para korbannya.
Ada beberapa tanda yang bisa dicurigai sebagai ciri-ciri WhatsApp Anda tengah disadap oleh orang lain. Berikut selengkapnya:
1. OTP
Anda perlu waspada jika mendapati pesan berisi One Time Password atau OTP WhatsApp. Kode berisi enam angka hanya dikirim melalui SMS saat akan mengakses WhatsApp. Artinya ada seseorang yang berusaha masuk ke akun Anda jika terdapat SMS OTP yang masuk. Ingat untuk tidak memberikan kode tersebut kepada siapapun.
2. Keluar dari WhatsApp
Ciri lainnya adalah akun WhatsApp yang tiba-tiba keluar atau log out sendiri. Ini terjadi bisa saja saat ada perangkat yang berusaha mencoba masuk ke akun. Anda bisa mengecek perangkat apa yang terhubung dengan akun dengan masuk ke pengaturan dan pilih opsi WhatsApp Web.
3. Pesan Terbaca
Jika Anda merasa tidak pernah membaca pesan tertentu namun ternyata pesan telah terbuka, kemungkinan ini menjadi ciri-ciri akun telah dibajak oleh orang lain.
4. Pesan Terkirim Sendiri
Sama seperti sebelumnya, tetap waspada saat melihat ada pesan WhatsApp yang terkirim sendiri. Ini terjadi saat Anda tak pernah merasa mengirimkan apapun.
5. Status WA Asing
Anda juga patut curiga jika melihat status WhatsApp yang asing, padahal tidak pernah membuat unggahan tersebut sebelumnya.
6. Melakukan Panggilan Telepon
Ciri terakhir penyadapan WhatsApp adalah adanya panggilan telepon asing. Sama seperti ciri lainnya, Anda tak pernah melakukan telepon itu sebelumnya.
Untuk menghindari penyadapan, salah satu yang bisa dilakukan adalah verifikasi dua langkah. Fitur tersebut mencegah pihak lain mengakses akun WhatsApp, karena tidak mengetahui kode yang didaftarkan pengguna.
Anda juga perlu ingat tidak membagikan kode verifikasi dua langkah agar tidak ada pihak manapun yang bisa membuka akun tanpa sepengetahuan Anda. Berikut cara mengaktifkannya:
- Klik opsi tiga titik
- Masuk ke Settings, lalu menuju Account dan klik Two-Step Verification
- Tekan Enable
- Masukkan enam kode
- Jangan lupa masukkan alamat email untuk memulihkan lupa kode yang didaftarkan.
Nah itu dia tanda-tanda WhatsApp disadap jarak jauh. Semoga informasi ini bermanfaat!
(fab/fab)
[Gambas:Video CNBC]
Next Article Tanda WhatsApp Disadap Jarak Jauh Muncul Ini, Begini Cara Setopnya",ok_trafilatura,,False
Lima Tahun Lagi RI Bisa Jadi 'Raja' Kalahkan ASNews24 menit yang lalu,Tidak Diketahui,https://www.cnbcindonesia.com/news/20250922150421-4-669144/lima-tahun-lagi-ri-bisa-jadi-raja-kalahkan-as,cnbc,2025-09-22 00:00:00+07:00,www.cnbcindonesia.com,"Lima Tahun Lagi RI Bisa Jadi 'Raja' Kalahkan AS
Jakarta, CNBC Indonesia - Kementerian Energi dan Sumber Daya Mineral (ESDM) menargetkan Indonesia dapat menduduki negara dengan pemanfaatan energi panas bumi terbesar di dunia. Saat ini, Indonesia menempati posisi kedua dalam pemanfaatan panas bumi, setelah Amerika Serikat (AS).
Direktur Jenderal Energi Baru Terbarukan dan Konservasi Energi (Dirjen EBTKE) Kementerian ESDM Eniya Listiani Dewi menyampaikan kapasitas terpasang pembangkit listrik tenaga panas bumi (PLTP) di Indonesia saat ini sebesar 2,71 Giga Watt.
Angka tersebut terhitung masih lebih rendah dibandingkan kapasitas terpasang PLTP AS yang mencapai 3,6 GW.
Meski demikian, dalam kurun waktu lima tahun mendatang, pemerintah menggenjot tambahan kapasitas PLTP sebesar 1 GW yang terhitung akan 'membalap' posisi AS menjadi peringkat pertama.
""Posisi kita ini kalah sedikit, Pak, dari Amerika. Jadi, posisi nomor satu ini Amerika saat ini dengan installed capacity 3,6 GW, kita pada posisi 2,7 GW. Nah, di dalam 5 tahun ini, kita berharap percepatan tambah 1 GW, jadi kita bisa melompat untuk menjadi nomor satu di dunia,"" katanya Eniya dalam acara 11th Indonesia International Geothermal Convention & Exhibition (IIGCE), di Jakarta, dikutip Senin (22/9/2025).
Lebih masif, dalam sepuluh tahun mendatang, pemerintah membidik tambahan kapasitas terpasang PLTP dalam negeri mencapai 5,2 GW. Hal itu tertuang dalam Rencana Umum Penyediaan Tenaga Listrik (RUPTL) 2025-2034.
""Jadi, kita juga punya potensi untuk menjadi tempat belajar dari negara-negara lain, bisa belajar di tempat kita,"" tambahnya.
Untuk mendorong target tambahan kapasitas terpasang PLTP dalam negeri, pihaknya sudah mengimplementasikan pemangkasan proses perizinan pengembangan wilayah kerja panas bumi (WKP) menjadi 7 hari dari sebelumnya hingga 1,5 tahun lamanya.
Proses perizinan tersebut bisa dipersingkat lantaran sistem pengajuan izin sudah didigitalisasi melalui Online Single Submission (OSS).
""Pak, sudah ada dua yang diberi izin. Dan saat ini izin itu keluar dengan lebih cepat. Dan waktu itu, kita laporkan bahwa pemenang lelang yang akan mendapatkan izin panas bumi, itu ada di Cisolok dan Nage, dan itu sudah keluar dengan izin hanya 7 hari,"" tandasnya.
(pgr/pgr)
[Gambas:Video CNBC]
Next Article Proyek Panas Bumi Baru PGE di Bengkulu Bakal Operasi Tahun 2027",ok_trafilatura,,False
"200 Orang Tunggak Pajak Rp 60 Triliun, Purbaya: Mereka Tak Bisa Lari!News28 menit yang lalu",Tidak Diketahui,https://www.cnbcindonesia.com/news/20250922151312-4-669149/200-orang-tunggak-pajak-rp-60-triliun-purbaya-mereka-tak-bisa-lari,cnbc,2025-09-22 00:00:00+07:00,www.cnbcindonesia.com,"200 Orang Tunggak Pajak Rp 60 Triliun, Purbaya: Mereka Tak Bisa Lari!
Jakarta, CNBC Indonesia - Kementerian Keuangan akan mengejar 200 penunggak pajak besar yang belum juga membayar utang pajak triliunan rupiah meski kalah di pengadilan.
Menteri Keuangan Purbaya Yudhi Sadewa mengaku memiliki daftar nama 200 penunggak pajak besar yang kasus sengketa pajaknya sudah inkracht di pengadilan. Mereka punya kewajiban pajak terutang Rp 50 triliun-Rp 60 triliun.
""Kita punya list 200 penunggak pajak besar yang sudah inckracht, kita mau kejar nilainya Rp 50 triliun-Rp 60 triliun. Dalam waktu dekat akan kita tagih, mereka tidak akan bisa lari,"" katanya, Senin (22/9/2025).
Kemenkeu juga akan bekerja sama dengan penegak hukum seperti Kejaksaan, Kepolisian, PPATK untuk mengejar wajib pajak yang non-compliance. Selain itu, juga ada kerja sama pertukaran data dengan kementerian/lembaga untuk menarik pajak.
Purbaya sebelummnya melaporkan bahwa, hingga Agustus, defisit Anggaran Pendapatan dan Belanja Negara (APBN) 2025 adalah Rp 321,6 triliun atau 1,35% dari PDB per 31 Agustus 2025. Posisi defisit ini lebih tinggi jika dibandingkan dengan periode yang sama tahun lalu, sebesar 0,69% atau Rp 153,4 triliun.
Sasaran defisit RI pada tahun ini sebenarnya mencapai 2,78%. Adapun, keseimbangan primer mencapai Rp 22 triliun hingga 31 Agustus 2025.
""Ini indikasinya masih ada belanja pemerintah yang dipercepat lagi supaya keseimbangan primernya sesuai dengan desain anggaran yang kita buat waktu 2025,"" kata Purbaya.
Dari sisi pendapatan, dia mengungkapkan realisasinya mencapai Rp 1.638,7 triliun atau 57,2% dari target. Ini lebih rendah dibandingkan periode yang sama tahun lalu sebesar Rp 1.777,3 triliun.
Sementara itu, dari sisi belanja, realisasinya mencapai Rp 1960,3 triliun atau 55,6% dari outlook per 31 Agustus 2025. Capaian ini lebih tinggi dari periode yang sama tahun lalu sebesar Rp 1.930,7 triliun.
(dem/dem)
[Gambas:Video CNBC]
Next Article Tak Jadi 30 Juni-Pemutihan Pajak Kendaraan Bermotor di Jabar Berlanjut",ok_trafilatura,,False
"Selebritas Dunia Bersuara Bela Palestina, Desak Setop Serangan di GazaLifestyle34 menit yang lalu",Tidak Diketahui,https://www.cnbcindonesia.com/lifestyle/20250922131718-33-669082/selebritas-dunia-bersuara-bela-palestina-desak-setop-serangan-di-gaza,cnbc,2025-09-22 00:00:00+07:00,www.cnbcindonesia.com,"Selebritas Dunia Bersuara Bela Palestina, Desak Setop Serangan di Gaza
Jakarta, CNBC Indonesia - Puluhan selebritas dunia menyerukan gencatan senjata di Gaza lewat video kampanye yang dirilis pekan lalu sebelum konser amal ""Together for Palestine"" di London. Konser tersebut bertujuan menggalang jutaan dolar untuk organisasi yang dipimpin masyarakat Palestina, di tengah serangan Israel yang kian meningkat di Jalur Gaza.
Nama-nama besar seperti aktor pemenang Oscar Cillian Murphy hingga penyanyi Billie Eilish ikut mendukung seruan tersebut. Dalam video itu, aktor asal Skotlandia Brian Cox menyampaikan pesan tegas.
""Bersama untuk Palestina. Kita harus menceritakan kebenaran atas nama rakyat Palestina. Ini selalu merupakan tugas artis di masyarakat, untuk berbicara,"" ujar Cox dikutip dari Instagram @t4live pada Senin (22/9/2025).
Ia menambahkan, para seniman harus berani menyuarakan kebenaran di hadapan kekuasaan. Cox juga mengecam para pemimpin negara Barat yang dianggap berkompromi dengan pembunuhan warga sipil di Gaza maupun Tepi Barat.
""Ini penting untuk berbicara sekarang, bukan setelah semuanya selesai. Tekankan pada pemerintah Anda, berikan dukungan kepada mereka yang berkampanye dengan damai. Hentikan pembunuhan,"" ucap artis lainnya.
Pesan berulang ""Untuk Palestina. Bersama untuk Palestina"" menggema sepanjang video, menekankan solidaritas seniman internasional untuk kemerdekaan Palestina.
Hollywood Bersuara Lewat Boikot Industri Film Israel
Dukungan selebritas Hollywood terhadap Palestina juga meluas ke ranah industri film. Lebih dari 4.000 aktor dan sineas, termasuk Javier Bardem, Emma Stone, Joaquin Phoenix, dan Mark Ruffalo, menandatangani seruan boikot terhadap industri film Israel yang didanai negara.
Pada karpet merah Emmy Awards, Bardem tampil mengenakan keffiyeh, simbol dukungan bagi Palestina.
""Hari ini saya mengecam genosida di Gaza. Saya tidak bisa bekerja dengan pihak yang membenarkan atau mendukung genosida,"" kata Bardem kepada Variety dikutip dari NPR.
Selain itu, aktris Hannah Einbinder yang meraih penghargaan Outstanding Supporting Actress lewat serial Hacks menutup pidatonya di panggung Emmy dengan seruan lantang: ""Free Palestine!""
Gerakan boikot ini diorganisir kelompok Film Workers for Palestine, terinspirasi dari kampanye serupa di era 1980-an ketika sineas menolak memutar film di Afrika Selatan semasa apartheid. Namun, aksi ini menuai penolakan dari sejumlah pihak.
Studio Paramount menyebut boikot itu sebagai bentuk pembungkaman kreator berdasarkan kebangsaan yang dinilai tidak membantu proses perdamaian. Sementara pemerintah Israel melalui Menteri Kebudayaan Miki Zohar justru mengancam akan menarik seluruh pendanaan bagi Akademi Film dan Televisi Israel, usai lembaga itu memberikan penghargaan Ophir Award pada film anti-perang The Sea.
PBB melalui komisi penyelidikan baru-baru ini menyimpulkan Israel melakukan genosida di Gaza, meski tuduhan tersebut dibantah pemerintah Israel. Situasi ini semakin mendorong gelombang solidaritas dari kalangan selebritas dan pekerja seni global, yang kini memilih menggunakan suara mereka untuk mendesak diakhirinya perang.
(miq/miq)
[Gambas:Video CNBC]
Next Article Daftar 8 Artis Suarakan Dukungan untuk Palestina di Coachella 2025",ok_trafilatura,,False
Mentan Amran Cerita Kena Vertigo Sampai Dirawat 7 Jam Gara-gara IniNews39 menit yang lalu,Tidak Diketahui,https://www.cnbcindonesia.com/news/20250922140811-4-669110/mentan-amran-cerita-kena-vertigo-sampai-dirawat-7-jam-gara-gara-ini,cnbc,2025-09-22 00:00:00+07:00,www.cnbcindonesia.com,"Mentan Amran Cerita Kena Vertigo Sampai Dirawat 7 Jam Gara-gara Ini
Jakarta, CNBC Indonesia - Menteri Pertanian (Mentan) Andi Amran Sulaiman bercerita bahwa dia pernah kena vertigo. Bahkan saat itu kondisinya sempat harus dirawat di rumah sakit selama 7 jam akibat pusing kepala.
Amran pun sesumbar mengungkapkan vertigo disebabkan karena target swasembada pangan oleh Presiden Prabowo Subianto dipercepat. Amran sebelumnya diberi target awal untuk mencapai swasembada pangan selama empat tahun.
Namun seiring berjalannya waktu, target selalu berubah dan kini Prabowo menargetkan swasembada pangan harus terealisasi dalam setahun.
""Awalnya kami diberi target Bapak Presiden soal swasembada pangan itu 4 tahun. Setelah 21 hari, beliau pidato di APEC dan G20, berhasil berubah target menjadi 3 tahun. Setelah 45 hari, beliau balik ke Indonesia, saya dipanggil menghadap jam 4 sore. Pak Mentan, bisa tidak swasembada 1 tahun? Kita mau bilang apa lagi? Kita sudah Menteri, tidak mungkin aku pertimbangkan. Atau kami usahakan. Maka saya jawab, ya Pak, siap 1 tahun,"" kata Amran dalam paparannya di rapat koordinasi (Rakor) Percepatan Pelaksanaan Program Hilirisasi Komoditas Perkebunan di kantor Kementerian Pertanian, Senin (22/9/2025).
Setelah dirinya mengiyakan permintaan Prabowo, dirinya mengaku mengalami vertigo karena memikirkan bagaimana cara agar swasembada pangan dapat terpenuhi satu tahun.
""Begitu kami sampaikan bahwa siap swasembada pangan 1 tahun, masuk Ramadan, H-2, kami kena vertigo. Muter ini kepala, 7 jam kami dirawat baru bisa bangun. Jadi itulah akibat tekanan. Jadi orang yang mau berhasil ternyata butuh tekanan,"" lanjut Amran.
Untuk mencapai target tersebut, Kementan melalukan kerja sama antara TNI, Polri, Bulog, hingga masyarakat. Alhasil, Indonesia berhasil menorehkan rekor baru dalam hal stok beras, di mana pada pertengahan tahun ini, stok beras nasional berhasil mencapai 4,2 juta ton.
""Berkat ini, salah satu capaian kita yang mengembirakan adalah stok beras kita tertinggi selama 59 tahun. Dulu kita impor, kini kita bisa stok hingga 4,2 juta ton. Itu semua karena kebijakan Bapak Presiden, gagasan besar Bapak Presiden,"" ungkapnya.
Tak hanya itu saja, sektor pertanian juga berhasil tumbuh 10,52% hingga pertengahan 2025. Masih soal beras, Badan Pusat Statistik (BPS) memperkirakan produksi beras nasional pada Oktober dapat mencapai 31 juta ton. Pada 2024 saja, produksi beras sudah mencapai 28 juta ton.
Sedangkan dari data internasional, Amran mengungkapkan United States Departement of Agriculture (USDA) memprediksi produksi beras Indonesia di 2025 mencapai 34,6 juta ton, melebihi target yang ditetapkan pemerintah sebesar 32 juta ton. Begitu juga Food and Agriculture (FAO), yang memprediksi produksi beras RI mencapai 35,6 juta ton pada tahun ini.
""FAO juga merilis, lompatan kita sekarang ini adalah tertinggi nomor 2 dunia setelah berhasil. Lompatannya produksi kita. Dan Indonesia masuk pemain utama pangan Dunia. Begitu juga USDA,"" ujarnya lagi.
Amran menyebut keberhasilan tersebut merupakan buah dari perjuangan keras semua pihak, terutama yang berkaitan dengan pertanian.
""Ini hasil kerja kita semua. Akhirnya kita bisa mencapai keberhasilan ini,"" pungkasnya.
(wur/wur)
[Gambas:Video CNBC]
Next Article Mentan Amran Bongkar Ada yang Tak Suka RI Swasembada Pangan, Siapa?",ok_trafilatura,,False
"Rupiah Melemah, Dolar AS Makin Perkasa Naik ke Rp16.600Market45 menit yang lalu",Tidak Diketahui,https://www.cnbcindonesia.com/market/20250922143655-17-669124/rupiah-melemah-dolar-as-makin-perkasa-naik-ke-rp16600,cnbc,2025-09-22 00:00:00+07:00,www.cnbcindonesia.com,"Rupiah Melemah, Dolar AS Makin Perkasa Naik ke Rp16.600
Jakarta, CNBC Indonesia -Nilai tukar rupiah ditutup melemah terhadap dolar Amerika Serikat (AS) pada awal pekan ini.
Melansir data Refinitiv, pada penutupan perdagangan hari ini, Senin (22/9/2025) rupiah ditutup di zona merah dengan koreksi sebesar 0,09% di posisi Rp16.600/US$. Selama perdagangan hari ini, rupiah sempat melemah hingga menyentuh level Rp16.635/US$, sebelum akhirnya pelemahan sedikit berkurang hingga penutupan.
Pelemahan rupiah hari ini, sekaligus mencatatkan pelemahan rupiah selama tiga hari beruntun sejak Kamis (18/9/2025).
Sementara itu, indeks dolar AS (DXY) per pukul 15.00 WIB terpantau stagnan di level 97,647. Namun, pada perdagangan sebelumnya, Jumat (19/9/2025), DXY menguat 0,30% ke level 97,644.
Menurut Gubernur Bank Indonesia (BI), situasi nilai tukar rupiah yang melemah terhadap dolar AS lebih dipengaruhi oleh tekanan global serta domestik.
""Minggu-minggu ini ada tekanan dari sisi global maupun domestik,"" ungkap Gubernur BI Perry Warjiyo dalam rapat kerja dengan Komisi XI Dewan Perwakilan Rakyat (DPR) RI, Jakarta, Senin (22/9/2025)
Namun, Perry tetap meyakini ke depannya rupiah akan kembali stabil dan cenderung menguat terhadap dolar AS.
""Tren nilai tukar rupiah akan bergerak stabil dan cenderung menguat sejalan dengan komitmen BI dalam menjaga stabilitas rupiah , imbal hasil menarik, inflasi rendah dan prospek ekonomi yang baik,"" pungkasnya.
Di saat yang bersamaan, investor global tengah menyoroti keputusan BI yang kembali memangkas BI-Rate 25 bps ke 4,75%.
Meski bertujuan untuk mempercepat pertumbuhan ekonomi, kebijakan tersebut juga memunculkan persepsi bahwa BI terlalu agresif dan rentan terhadap tekanan politik.
Howie Schwab, Portfolio Manager Driehaus Capital mengatakan, ""Ada risiko nyata terhadap independensi bank sentral, sementara komunikasi proaktif mengenai perubahan kebijakan juga masih minim. Jika Indonesia tidak segera mengambil langkah untuk meyakinkan investor, maka premi risiko rupiah bisa bertahan tinggi dalam waktu lama,"" dikutip dari Reuters.
(evw/evw)
[Gambas:Video CNBC]
Next Article Rupiah Menguat Tajam, Nilai Tukar Dolar AS Turun Jadi Rp16.385",ok_trafilatura,,False
"Belanja Pemda Seret, Uangnya 'Ngendap' di Bank hingga Rp233 TNews45 menit yang lalu",Tidak Diketahui,https://www.cnbcindonesia.com/news/20250922150616-4-669145/belanja-pemda-seret-uangnya-ngendap-di-bank-hingga-rp233-t,cnbc,2025-09-22 00:00:00+07:00,www.cnbcindonesia.com,"Belanja Pemda Seret, Uangnya 'Ngendap' di Bank hingga Rp233 T
Jakarta, CNBC Indonesia - Wakil Menteri Keuangan Suahasil Nazara mengatakan transfer ke daerah (TKD) telah mencapai Rp 571,5 triliun atau 62,1% dari pagu APBN per 31 Agustus 2025. Besaran transfer ini mengalami peningkatan sebesar 1,7% jika dibandingkan periode yang sama tahun lalu.
""Tahun lalu Rp 562,1 triliun, tahun ini Rp 571,5 triliun. Namun sebelah kanan, kita melihat bahwa belanja daerah itu lebih lambat dari dibandingkan tahun lalu,"" kata Suahasil dalam paparan APBN KITA Edisi September 2025.
Beberapa poin belanja daerah yang disoroti a.l. belanja pegawai yang 1,5% di bawah realisasi periode yang sama tahun lalu. Hal serupa juga dibukukan oleh belanja barang dan jasa yang 10,6% turun dari posisi 31 Agustus 2024 dan belanja modal 32,6% turun dibandingkan periode 31 Agustus 2024.
""Memang tahun ini ada pergantian pemimpin daerah banyak, bisa jadi ini ada perlambatan karena ada pergantian kepemimpinan juga karena ada kebijakan pencadangan yang kita keluarkan lewat Inpres No.1/2025 tapi salur TKD-nya lebih tinggi,"" papar Suahasil.
Oleh karena itu, dia meminta pemerintah daerah melakukan belanja lebih cepat pada 3 bulan terakhir tahun ini.
""Transfernya kalau kita lihat tetap tinggi tapi belanjanya lambat sehingga dana Pemda di perbankan meningkat per Agustus Rp 233,11 triliun,"" kata Suahasil.
Posisi dana mengendap ini lebih tinggi jika dibandingkan Rp 192, 57 triliun per 31 Agustus 2024.
""Jadi kita harap bahwa daerah akan terus mendorong akselerasi belanja agar APBD mampu beri stimulus bagi perekonomian di daerah bersama-sama dengan APBN,"" tegasnya.
(haa/haa)
[Gambas:Video CNBC]
Next Article Jumlah Menteri & Pegawai Bertambah, Anggaran Gaji & Tukin Naik 5,7%",ok_trafilatura,,False
"Pajak dari Ecommerce Lompat, Begini Analisis KemenkeuTech47 menit yang lalu",Tidak Diketahui,https://www.cnbcindonesia.com/tech/20250922145300-37-669142/pajak-dari-ecommerce-lompat-begini-analisis-kemenkeu,cnbc,2025-09-22 00:00:00+07:00,www.cnbcindonesia.com,"Pajak dari Ecommerce Lompat, Begini Analisis Kemenkeu
Jakarta, CNBC Indonesia - Penerimaan pajak pemerintah dari aktivitas perdagangan online tumbuh pesat. Meskipun porsinya, kecil arus penerimaan dari toko online dan platform ecommerce membuat penerimaan pajak dari sektor perdagangan tetap tumbuh.
Wakil Menteri Keuangan Anggito Abimanyu memaparkan bahwa sektor perdagangan adalah salah satu sektor dengan kontribusi terbesar terhadap penerimaan pajak pemerintah.
Pemerintah berhasil mengumpulkan pajak senilai Rp 333,38 triliun dari aktivitas perdagangan sepanjang Januari-Agustus 2025, atau tumbuh 3 persen dari periode yang sama pada 2024. Tiap bulannya, pemerintah mencatat penerimaan pajak rata-rata Rp 41,7 triliun.
Kontribusi penerimaan dari subsektor perdagangan online pada periode yang sama mencapai Rp 17,4 triliun, tumbuh 65 persen dari Rp 10,5 triliun pada Januari-Agustus 2024.
""Perdagangan online ini tumbuhnya 65 persen. Jadi ini menunjukkan betapa tingginya pertumbuhan, meski sizenya kecil,"" katanya dalam pemaparan APBN Kita, Senin (22/9/2025).
Secara keseluruhan sektor perdagangan berkontribusi terhadap 23,1 persen penerimaan pajak sepanjang Januari-Agustus 2025. Sektor dengan penyumbang penerimaan pajak terbesar adalah industri pengolahan yaitu 27,1 persen.
(dem/dem)
[Gambas:Video CNBC]
Next Article Indonesia Negara Nomor 1 Pakai AI se-Asia Tenggara, Begini Dampaknya",ok_trafilatura,,False
"CEO Tewas Jatuh dari Gunung 900 Meter, Begini KronologinyaTech54 menit yang lalu",Tidak Diketahui,https://www.cnbcindonesia.com/tech/20250922135451-37-669096/ceo-tewas-jatuh-dari-gunung-900-meter-begini-kronologinya,cnbc,2025-09-22 00:00:00+07:00,www.cnbcindonesia.com,"CEO Tewas Jatuh dari Gunung 900 Meter, Begini Kronologinya
Jakarta, CNBC Indonesia - Seorang CEO perusahaan teknologi asal Argentina dilaporkan tewas usai jatuh dari ketinggian 3.000 kaki atau sekitar 900 meter saat menuruni Gunung Shasta, California Utara, pekan lalu.
Korban diketahui bernama Matias Augusto Travizano, 45 tahun, pendiri sekaligus mantan CEO perusahaan analitik data GranData yang berbasis di San Francisco.
Menurut laporan San Francisco Chronicle yang mengutip Kantor Sheriff Siskiyou County, Travizano mendaki hingga puncak Gunung Shasta setinggi 4.316 meter pada 12 September 2025.
Dalam perjalanan turun, ia bergabung dengan dua pendaki asing melalui jalur Clear Creek Trail, yang dikenal sebagai jalur non-teknis dan sering digunakan pendaki.
Namun, Travizano sempat tersesat dari jalur utama. Bersama salah satu pendaki asing, ia terjebak di Gletser Wintun yang curam, licin, dan berbatu pada ketinggian sekitar 4.115 meter.
Saat mencoba menyelamatkan diri, keduanya melakukan teknik meluncur terkendali di atas es dan bebatuan untuk mencapai lokasi yang lebih aman. Sayangnya, Travizano kehilangan kendali dan menghantam batu besar sejauh 90 meter di bawah.
Saksi mata mengatakan, benturan tersebut membuatnya pingsan sekitar 10 menit meski masih dalam kondisi hidup. Saat rekannya berusaha menghampiri, Travizano tersadar dan kembali bergerak. Namun ia tergelincir lagi hingga jatuh ke jurang dan hilang dari pandangan, demikian dikutip dari New York Post, Senin (22/9/2025).
Unit helikopter Patroli Jalan Raya California kemudian menemukan jasad Travizano di dasar gletser pada ketinggian 3.109 meter.
Kantor Sheriff Siskiyou County mengingatkan bahwa meski rute Clear Creek dianggap sebagai jalur pendakian paling aman, pendaki tetap berisiko tersesat dalam kondisi jarak pandang rendah. Mereka bisa masuk ke area berbahaya seperti Ash Creek atau Mud Creek yang rawan kecelakaan.
Travizano dikenal sebagai fisikawan dan pengusaha teknologi. Pada 2024, Presiden Argentina Javier Milei menunjuknya sebagai penasihat pemerintah dan bahkan membawanya dalam kunjungan pertama ke Silicon Valley, di mana ia sempat berfoto bersama Milei dan CEO Apple Tim Cook.
Ia dikenang sebagai sosok yang hangat, pria keluarga yang hebat, serta humoris oleh orang-orang terdekatnya.
(fab/fab)
[Gambas:Video CNBC]
Next Article Bosch Indonesia Komitmen Hadirkan Solusi Teknologi, Ini Buktinya!",ok_trafilatura,,False
Gaya Presiden RI di Sidang PBB: Mega Pakai Kebaya-Jokowi Bahasa CampurResearch59 menit yang lalu,Tidak Diketahui,https://www.cnbcindonesia.com/research/20250922112148-128-669020/gaya-presiden-ri-di-sidang-pbb-mega-pakai-kebaya-jokowi-bahasa-campur,cnbc,2025-09-22 00:00:00+07:00,www.cnbcindonesia.com,"Gaya Presiden RI di Sidang PBB: Mega Pakai Kebaya-Jokowi Bahasa Campur
Jakarta, CNBC Indonesia- Sidang Umum PBB (United Nations General Assembly/UNGA) adalah forum diplomasi tertinggi dunia, di mana 193 negara anggota memiliki hak suara yang sama. Setiap September, para kepala negara hadir di New York untuk menyampaikan pidato dalam sesi General Debate.
Bagi Indonesia, forum ini menjadi panggung penting untuk menunjukkan identitas, gagasan, dan arah politik luar negeri.
Dari Bung Karno hingga Joko Widodo, gaya penyampaian para pemimpin RI selalu mencerminkan zamannya, termasuk pilihan pakaian dan bahasa.
Soekarno
Presiden pertama RI, Soekarno, tercatat membuat sejarah pada 30 September 1960. Ia menyampaikan pidato monumental berjudul To Build The World Anew selama sekitar 90 menit di hadapan para pemimpin dunia.
Bung Karno menggunakan bahasa Inggris dengan gaya retorika yang berapi-api, menyerang dominasi Barat sekaligus menyerukan lahirnya tatanan dunia baru. Isi pidatonya memadukan kutipan dari kitab suci hingga analisis geopolitik, yang kala itu menggema kuat di tengah polarisasi Perang Dingin.
Penampilan Bung Karno saat itu pun meninggalkan kesan mendalam.
Ia hadir dengan setelan jas formal yang rapi, lengkap dengan peci hitam khas Indonesia. Pakaian tersebut memperlihatkan upaya menampilkan diri sebagai pemimpin modern, namun tetap membawa simbol nasional yang melekat erat dengan identitas Indonesia.
Kombinasi bahasa Inggris yang lugas dengan simbol kultural ini menjadikan kehadiran Bung Karno di PBB salah satu momen diplomasi paling diingat dunia.
Soeharto
Dua puluh tahun kemudian, Soeharto juga tampil di Sidang Umum PBB. Gaya pidatonya berbeda jauh dengan Soekarno. Ia lebih tenang, teknokratis, dan tidak meledak-ledak.
Soeharto menyampaikan pidatonya dalam bahasa Indonesia, dengan penerjemah resmi PBB yang memastikan isi pesannya sampai ke audiens global. Pendekatan ini menunjukkan kehati-hatian serta preferensi untuk menekankan substansi alih-alih gaya retorika.
Soeharto tampil dengan busana jas formal sebagaimana lazimnya forum internasional. Tidak ada unsur pakaian tradisional yang menonjol, mencerminkan gaya kepemimpinan yang konservatif dan berorientasi pada protokol diplomasi klasik.
Pidatonya cenderung menekankan stabilitas, pembangunan ekonomi, serta peran Indonesia dalam menjaga hubungan internasional. Dalam konteks politik Orde Baru, kehadirannya di PBB menjadi bagian dari strategi legitimasi global yang hati-hati dan penuh perhitungan.
Megawati Soekarnoputri
Memasuki era 2000-an, Megawati Soekarnoputri menghadiri Sidang Umum PBB pada 2001 dan 2003. Kehadirannya di tahun 2001 berlangsung dalam situasi sensitif, hanya beberapa hari setelah serangan 9/11 di Amerika Serikat.
Pesan yang ia bawa menegaskan posisi Indonesia sebagai negara dengan populasi muslim terbesar, di tengah meningkatnya gelombang Islamofobia
Megawati memilih bahasa Inggris untuk menyampaikan pidato. Dia menegaskan perlunya reformasi mendasar dalam tubuh PBB agar lembaga internasional ini dapat bekerja lebih efektif dan memberikan kontribusi nyata bagi kehidupan manusia.
Pada masa tersebut, pemimpin dunia memang tengah mendesak reformasi PBB.
Berpidato dalam bahasa Inggris di hadapan Sidang Tahunan Majelis Umum PBB di New York, Selasa waktu setempat (Rabu dini hari WIB), Megawati menekankan bahwa PBB harus berani mengkaji ulang dan memberdayakan badan-badan serta metode kerjanya.
""Kita harus punya keberanian untuk mengkaji ulang dan memberdayakan badan-badan serta metode kerja PBB,"" ujar Megawati dikutip dari video media.UN.org.
Selain isu reformasi PBB, Megawati menyoroti konflik berkepanjangan di Timur Tengah yang diyakininya menjadi akar munculnya aksi terorisme di seluruh dunia. Ia menyerukan agar para pemimpin dunia segera membicarakan dan menyelesaikan persoalan mendasar tersebut.
""Sebagai Kepala Negara dari negara Muslim terbesar di dunia, saya mengajak semua pemimpin dunia untuk memberikan perhatian yang serius pada masalah ini,"" tegasnya..
Dari sisi pakaian, Megawati tampil dengan kebaya, busana nasional yang jarang ditampilkan di forum seformal PBB. Pilihan ini memperkuat simbol identitas budaya sekaligus memberikan perbedaan visual dibanding pemimpin negara lain yang mayoritas memakai jas
Kehadiran Megawati pada 2001 dianggap penting, bukan hanya untuk menegaskan posisi Indonesia, tetapi juga untuk mengirimkan pesan bahwa dunia Islam tidak bisa disederhanakan dalam narasi terorisme pasca 9/11.
Susilo Bambang Yudhoyono (SBY)
Presiden Susilo Bambang Yudhoyono (SBY) hadir beberapa kali di Sidang Umum PBB, dan gaya yang ia pilih lebih mendekati standar internasional.
SBY kerap menggunakan bahasa Inggris secara langsung. Keputusan ini memungkinkan dirinya menyampaikan pesan tanpa perantara penerjemah, sekaligus memberi kesan presiden Indonesia mampu berbicara setara dengan pemimpin dunia lainnya. Gaya pidatonya rapi, diplomatis, dan sarat data, mencerminkan latar belakangnya sebagai perwira militer dan akademisi.
Dalam hal penampilan, SBY konsisten mengenakan jas formal dengan dasi. Ia menonjolkan citra presiden yang profesional dan serius di panggung internasional.
Pidatonya biasanya berfokus pada kerja sama global, isu perubahan iklim, pembangunan ekonomi, dan perdamaian. SBY menjadikan forum ini sebagai sarana memperkuat citra Indonesia sebagai negara demokratis besar yang mampu memainkan peran konstruktif dalam hubungan internasional.
Joko Widodo
Berbeda dengan para pendahulunya, Presiden Joko Widodo tidak pernah hadir langsung di Sidang Umum PBB. Namun, Joko Widodo pernah berpidato dua kali pada Sidang Umum PBB yakni pada 2020 dan 2021.
Selama masa jabatannya, ia lebih memilih menyampaikan pidato secara virtual pada 2020 dan 2021 ketika pandemi Covid-19 masih berlangsung.
Jokowi menggunakan bahasa Indonesia dan bercampur Bahasa Inggris. Gaya penyampaiannya sederhana, lugas, dan tanpa retorika panjang. Dia fokus pada ajakan kerja sama dunia internasional akan penanganan Covid-19.
Karena tidak hadir langsung, pakaian Jokowi dalam forum ini tidak pernah menjadi sorotan utama. Rekaman pidato umumnya menampilkan dirinya dengan setelan jas sederhana.
Pesan yang ia sampaikan biasanya berfokus pada solidaritas global, penanganan pandemi, serta kerja sama dalam pemulihan ekonomi. Absennya Jokowi secara fisik di New York membuat kehadiran Indonesia terasa berbeda dibanding presiden sebelumnya yang tampil langsung di podium.
Wapres Jusuf Kalla
Wakil Presiden Jusuf Kalla menggantikan posisi presiden Joko Widodo di periode pertama pemerintahannya dengan hadir langsung di Sidang Umum PBB pada 2015-2019.
Kehadiran pada 2015 dan 2019 menarik perhatian karena ia memilih mengenakan kemeja batik, berbeda dari tradisi jas formal. Pilihan ini memberi warna baru, memperlihatkan kepercayaan diri Indonesia membawa busana nasional ke panggung diplomasi dunia.
Dalam pidatonya, Jusuf Kalla menggunakan bahasa Inggris. Pesan yang dibawanya berfokus pada isu perdamaian dan peran Indonesia dalam berbagai misi internasional hingga isu Rohingya.
Kehadiran JK menjadi bukti bahwa simbol budaya bisa mendapat tempat di forum seformal Sidang Umum PBB, sekaligus menegaskan identitas Indonesia di mata dunia.
Pada 2016-2018, JK memilih berpidato dengan mengenakan pakaian sipil jas formal.
Kini, giliran Presiden Prabowo Subianto yang dijadwalkan berpidato perdana di Sidang Umum ke-80 PBB pada 23 September 2025. Prabowo akan berbicara setelah Presiden Brasil dan Presiden Amerika Serikat, menjadikannya salah satu pidato yang dinantikan. Prabowo tercatat sebagai presiden RI kelima yang berpidato langsung di podium PBB.
Meski detail busana dan pilihan bahasa belum diumumkan, pengalaman para pendahulu memberikan gambaran beragam. Ada yang memilih bahasa Inggris agar pesan tersampaikan langsung, ada pula yang memilih bahasa Indonesia dengan penerjemah resmi. Dari sisi pakaian, sebagian besar presiden memakai jas formal, sementara Megawati dan JK pernah menampilkan busana nasional. Kehadiran Prabowo akan menambah babak baru dalam tradisi panjang Indonesia di forum global ini.
CNBC Indonesia Research
(emb/emb)",ok_trafilatura,,False
"Purbaya Laporkan Defisit APBN Rp 321,6 T di Akhir Agustus 2025News1 jam yang lalu",Tidak Diketahui,https://www.cnbcindonesia.com/news/20250922144808-4-669128/purbaya-laporkan-defisit-apbn-rp-3216-t-di-akhir-agustus-2025,cnbc,2025-09-22 00:00:00+07:00,www.cnbcindonesia.com,"Purbaya Laporkan Defisit APBN Rp 321,6 T di Akhir Agustus 2025
Jakarta, CNBC Indonesia - Menteri Keuangan Purbaya Yudhi Sadewa mencatat defisit Anggaran Pendapatan dan Belanja Negara (APBN) 2025 Rp 321,6 triliun atau 1,35% dari PDB per 31 Agustus 2025. Posisi defisit ini lebih tinggi jika dibandingkan dengan periode yang sama tahun lalu, sebesar 0,69% atau Rp 153,4 triliun.
Sasaran defisit RI pada tahun ini sebenarnya mencapai 2,78%. Adapun, keseimbangan primer mencapai Rp 22 triliun hingga 31 Agustus 2025.
""Ini indikasinya masih ada belanja pemerintah yang dipercepat lagi supaya keseimbangan primernya sesuai dengan desain anggaran yang kita buat waktu 2025,"" kata Purbaya.
Dari sisi pendapatan, dia mengungkapkan realisasinya mencapai Rp 1.638,7 triliun atau 57,2% dari target. Ini lebih rendah dibandingkan periode yang sama tahun lalu sebesar Rp 1.777,3 triliun.
Sementara itu, dari sisi belanja, realisasinya mencapai Rp 1960,3 triliun atau 55,6% dari outlook per 31 Agustus 2025. Capaian ini lebih tinggi dari periode yang sama tahun lalu sebesar Rp 1.930,7 triliun.
(haa/haa)
[Gambas:Video CNBC]
Next Article APBN Mei 2025 Defisit Rp21 T, Sri Mulyani: Masih Sangat Kecil",ok_trafilatura,,False
"InternasionalKasus Eks Ibu Negara Korsel Meluas, Pemimpin Gereja Unifikasi TerseretNews1 jam yang lalu",Tidak Diketahui,https://www.cnbcindonesia.com/news/20250922143758-4-669125/kasus-eks-ibu-negara-korsel-meluas-pemimpin-gereja-unifikasi-terseret,cnbc,2025-09-22 00:00:00+07:00,www.cnbcindonesia.com,"Kasus Eks Ibu Negara Korsel Meluas, Pemimpin Gereja Unifikasi Terseret
Jakarta, CNBC Indonesia - Mantan Ibu Negara Korea Selatan, Kim Keon Hee, terseret dalam skandal dugaan suap Gereja Unifikasi. Jaksa khusus menuding pemimpin gereja, Han Hak-ja, menyuap Kim dengan hadiah mewah demi keuntungan bisnis organisasi tersebut.
Han, 82 tahun, kini tengah menghadapi sidang penahanan di Pengadilan Distrik Pusat Seoul pada Senin (22/9/2025).
""Jika surat perintah penahanan disetujui, Han akan ditahan sementara guna memperlancar penyelidikan,"" ujar juru bicara pengadilan seperti dikutip Yonhap.
Han, yang disebut ""Ibu Sejati"" oleh pengikutnya, adalah janda pendiri Gereja Unifikasi, Moon Sun-myung. Gereja ini secara resmi bernama Federasi Keluarga untuk Perdamaian dan Penyatuan Dunia dan memiliki jaringan bisnis global, mulai dari konstruksi hingga media.
Kim saat ini ditahan dan akan segera diadili atas tuduhan korupsi yang terjadi sebelum dan selama masa singkat kepresidenan suaminya, Yoon Suk Yeol. Pengacaranya membantah tuduhan tersebut.
""Tuduhan itu tidak benar. Ibu Negara tidak pernah menerima hadiah sebagaimana yang dituduhkan,"" tegas kuasa hukum Kim.
Skandal ini menambah daftar kasus politik di Korea Selatan setelah Yoon dimakzulkan pada April lalu. Ia kini menghadapi persidangan terpisah atas tuduhan pemberontakan usai mendalangi darurat militer yang gagal pada Desember 2024.
(luc/luc)
[Gambas:Video CNBC]
Next Article Video: Skandal Politik Guncang Thailand, China Tak Tinggal Diam",ok_trafilatura,,False
DPR Minta Garuda Perbaiki Kinerja dan Bisa Bagi DividenMarket1 jam yang lalu,Tidak Diketahui,https://www.cnbcindonesia.com/market/20250922143012-17-669120/dpr-minta-garuda-perbaiki-kinerja-dan-bisa-bagi-dividen,cnbc,2025-09-22 00:00:00+07:00,www.cnbcindonesia.com,"DPR Minta Garuda Perbaiki Kinerja dan Bisa Bagi Dividen
Jakarta, CNBC Indonesia - Anggota DPR RI Komisi VI meminta agar PT. Garuda Indonesia (Persero) Tbk. (GIAA) segera melakukan perbaikan dan dapat memberikan kontribusi bagi negara berupa dividen. Anggota Komisi VI Rieke Diah Pitaloka meminta penjelasan kepada manajemen terkait garuda yang belum dapat memberikan dividen.
Padahal, menurutnya kontribusi perusahaan pelat merah kepada negara selaku pemegang saham seharusnya dalam bentuk dividen, bukan hanya setoran pajak. Namun, manajemen tidak dapat memberikan penjelasan secara rinci terkait kendala tersebut.
""Di beberapa pertemuan dengan BUMN saya katakan yang sama. Kalau pajak semua bayar pajak, itu bukan keberhasilan mengelola perusahaan. Perusahaan swasta, tukang cilok pun kena bayar pajak,"" ujarnya saat rapat antara Garuda Indonesia dengan Komisi VI digedung DPR RI Jakarta, Senin (22/9).
Rieke meminta, manajemen Garuda dapat memaparkan terkait besaran pajak, kontribusi Penerimaan Negara Bukan Pajak (PNBP), dan dividen. ""Dividen penting sebagai bagian keuntungan yang dibagikan BUMN kepada pemegang saham sebagai imbalan atau investasi modal negara di BUMN,"" sebutnya.
Apalagi, lanjutnya, sejak Maret 2025 setelah Badan Pengelola Investasi Daya Anagata Nusantata (BPI Danantara) berdiri, dividen tidak lagi diberikan melalui Kementerian Keuangan (Kemenkeu) namun melalui Danantara Aset Manajemen.
""Dividen tidak masuk ke negara tapi dikelola Danantara untuk diputar kembali untuk return yang maksimal dan lebih cepat,"" ucapnya.
Kritik DPR terhadap Garuda terkait dividen juga disampaikan oleh anggota Komisi VI lainnya Abdul Hakim Bafagih. Menurutnya, sejak Garuda Indonesia melantai di Bursa Efek Indonesia (BEI) melalui pencatatan saham perdana (Initial Public Offering/IPO), maskapai BUMN tersebut belum juga memberikan dividen kepada para pemegang sahamnya.
""Saya cek sejak Garuda IPO sampai sekarang belum pernah kasih dividen,"" ungkapnya.
Ia mengaku sependapat untuk mempertahankan eksistensi Garuda sebagai maskapai dan menjadi ikon Indonesia, namun perlu melakukan perbaikan yang signifikan.
Ia memaparkan, selama ini Garuda telah mendapatkan bantuan dana dari berbagai pihak mulai dari pelepasan saham di pasar modal senilai Rp 4,75 triliun, PMN sebesar Rp 7,5 triliun, dan suntikan dari Danantara yang sebesar Rp 6,65 triliun.
Menurutnya, perbaikan Garuda perlu dilakukan di internal perusahaan. ""Perbaikan tidak bisa dari luar, yang bisa perbaiki insan garuda, mau enggak berbenah? Perbaikan kultur ga ada di paparan. Padahal jadi salah satu kunci penting dalam perbaikan,"" pungkasnya.
(fsd/fsd)
[Gambas:Video CNBC]
Next Article Bos Garuda Buka Suara Soal 15 Pesawat Tak Beroperasi, Ini Katanya",ok_trafilatura,,False
Urgensi Kompetensi Pejabat Pengelola Keuangan Negara: PPK & PPSPMOpini1 jam yang lalu,Tidak Diketahui,https://www.cnbcindonesia.com/opini/20250922132241-14-669083/urgensi-kompetensi-pejabat-pengelola-keuangan-negara-ppk-ppspm,cnbc,2025-09-22 00:00:00+07:00,www.cnbcindonesia.com,"Urgensi Kompetensi Pejabat Pengelola Keuangan Negara: PPK & PPSPM
Catatan: Artikel ini merupakan opini pribadi penulis dan tidak mencerminkan pandangan Redaksi CNBCIndonesia.com
Pengelolaan keuangan negara merupakan salah satu aspek terpenting dalam tata kelola pemerintahan. Keberhasilan pembangunan nasional sangat ditentukan oleh seberapa baik anggaran negara disusun, dilaksanakan, dan dipertanggungjawabkan. Untuk itu, negara membutuhkan sumber daya manusia yang tidak hanya cakap secara administratif, tetapi juga kompeten secara teknis, manajerial, dan berintegritas.
Dalam konteks inilah, Pejabat Pembuat Komitmen (PPK) dan Pejabat Penandatangan Surat Perintah Membayar (PPSPM) menempati posisi strategis. Keduanya menjadi penghubung antara perencanaan program pemerintah dengan realisasi belanja negara.
Sejak terbitnya PMK 211/PMK.05/2019 tentang Tata Cara Penilaian Kompetensi Bagi PPK dan PPSPM pada Satuan Kerja Pengelola APBN, pemerintah menekankan pentingnya sertifikasi dan pemenuhan kompetensi bagi PPK dan PPSPM. Menariknya, tahun 2025 menjadi tahun terakhir penerapan ketentuan kompetensi yang diatur oleh PMK tersebut, sehingga menjadi momentum penting untuk refleksi, evaluasi, sekaligus memikirkan arah kebijakan di masa mendatang.
Peran dan Tanggung Jawab PPK dan PPSPM
Secara sederhana, PPK bertugas memastikan bahwa setiap kegiatan yang dilaksanakan sesuai dengan ketentuan kontrak, tepat mutu, tepat waktu, dan tepat sasaran. PPK adalah ""penjaga gerbang"" awal dalam siklus belanja negara. Ia bertanggung jawab atas pengadaan barang/jasa, penyusunan kontrak, hingga pemantauan pelaksanaan kegiatan.
Sementara itu, PPSPM berperan pada tahap berikutnya, yakni memastikan dokumen pembayaran yang diajukan benar, sah, dan sesuai aturan sebelum disampaikan kepada KPPN untuk pencairan dana. PPSPM dapat disebut sebagai ""penyaring terakhir"" yang memastikan bahwa uang negara hanya dibelanjakan untuk kegiatan yang sah, sesuai prosedur, dan dapat dipertanggungjawabkan.
Dengan peran yang vital tersebut, jelas bahwa kompetensi keduanya bukan sekadar formalitas, melainkan prasyarat agar tata kelola anggaran berjalan sehat.
Dimensi Kompetensi PPK dan PPSPM
Kompetensi yang ditetapkan bagi PPK dan PPSPM mencakup tiga aspek utama:
1. Kompetensi Teknis
* o Pemahaman regulasi keuangan negara dan pengadaan barang/jasa.
* o Kemampuan menyusun dokumen kontrak, RAB, serta laporan pertanggungjawaban.
* o Keterampilan mengoperasikan sistem aplikasi keuangan (SPAN, SAKTI, dll.).
2. Kompetensi Manajerial
* o Kemampuan merencanakan dan mengelola kegiatan secara efektif.
* o Keterampilan mengantisipasi risiko dan menyelesaikan masalah.
* o Leadership dalam mengarahkan tim untuk mencapai target output.
3. Kompetensi Sosial-Kultural
* o Integritas dan kejujuran dalam mengambil keputusan.
* o Komunikasi efektif dengan berbagai pemangku kepentingan.
* o Kepekaan terhadap nilai-nilai kebangsaan, kepentingan publik, dan keberagaman.
Ketiga dimensi kompetensi ini menunjukkan bahwa PPK dan PPSPM bukan sekadar pejabat administrasi, melainkan aktor strategis yang memengaruhi kualitas pembangunan.
Tantangan di Tahun Terakhir Implementasi PMK 211/PMK.05/2019
Memasuki tahun 2025 sebagai tahun terakhir masa berlakunya kebijakan kompetensi sesuai PMK 211/PMK.05/2019, sejumlah tantangan muncul ke permukaan:
 Kesenjangan kompetensi: masih ada PPK dan PPSPM yang belum mengikuti atau lulus sertifikasi, sehingga berpotensi menciptakan ketidakseragaman standar di lapangan.
 Perubahan regulasi yang dinamis: aturan keuangan negara sering mengalami penyempurnaan. PPK dan PPSPM dituntut untuk cepat beradaptasi agar tidak terjadi kesalahan administrasi.
 Digitalisasi sistem keuangan: penerapan aplikasi SAKTI dan integrasi SPAN menuntut penguasaan teknologi informasi. Mereka yang tidak terbiasa dengan sistem digital berpotensi mengalami hambatan.
 Keterbatasan sumber daya: di beberapa satuan kerja, beban kerja PPK dan PPSPM cukup tinggi karena jumlah pegawai terbatas, sehingga berisiko menurunkan kualitas kinerja.
Tantangan-tantangan ini perlu dikelola agar momentum berakhirnya PMK 211/PMK.05/2019 tidak menjadi kemunduran, tetapi pijakan untuk melangkah lebih maju.
Kondisi di Lapangan
Sejak diterbitkannya PMK 211/PMK.05/2019 sampai dengan saat ini dimana tahun ini merupakan tahun terakhir implementasi PMK tersebut masih ada PPK dan PPSPM yang belum memiliki sertifikasi kompetensi. Hal ini menunjukkan bahwa meskipun upaya sertifikasi telah berjalan beberapa tahun, tantangan dalam mencapai 100% kompetensi masih ada.
Di sisi lain, tren nasional menunjukkan peningkatan jumlah pejabat yang telah memiliki sertifikat kompetensi, baik PPK maupun PPSPM. Jika dilihat secara makro, capaian ini patut diapresiasi, tetapi dari sisi mikro (wilayah kerja KPPN tertentu), perlu terus dilakukan monitoring dan evaluasi agar tidak ada satker yang tertinggal.
Prospek dan Harapan ke Depan
Berakhirnya periode implementasi PMK 211/PMK.05/2019 tidak boleh dimaknai sebagai akhir dari upaya peningkatan kompetensi. Justru, momen ini bisa dijadikan titik tolak untuk melahirkan kebijakan baru yang lebih adaptif dengan perkembangan zaman. Beberapa prospek yang bisa diarahkan antara lain:
1. Sertifikasi berkelanjutan: bukan hanya sekali seumur hidup, melainkan periodik agar kompetensi tetap terjaga.
2. Integrasi dengan teknologi digital: misalnya pemanfaatan big data dan artificial intelligence untuk membantu proses validasi dokumen keuangan.
3. Penguatan budaya integritas: kompetensi tidak hanya soal keterampilan teknis, tetapi juga komitmen moral untuk menjaga uang negara.
4. Kolaborasi lintas instansi: peningkatan kapasitas PPK dan PPSPM bisa dilakukan melalui sinergi antara Kementerian Keuangan, LKPP, BPKP, dan lembaga pelatihan.
Penutup
PPK dan PPSPM adalah pilar utama dalam menjaga akuntabilitas belanja negara. Kompetensi mereka bukan hanya kebutuhan birokrasi, melainkan juga tuntutan publik agar uang rakyat dikelola secara benar. Tahun 2025, sebagai tahun terakhir implementasi PMK 211/PMK.05/2019, menjadi kesempatan emas untuk melakukan evaluasi menyeluruh.
Harapannya, setelah periode ini, pemerintah dapat melahirkan kebijakan baru yang lebih menekankan pada keberlanjutan kompetensi, digitalisasi, dan budaya integritas. Dengan begitu, kualitas tata kelola keuangan negara dapat terus ditingkatkan, dan manfaat pembangunan bisa semakin dirasakan oleh seluruh masyarakat.
(miq/miq)",ok_trafilatura,,False
"Purbaya Cerita Hotman Paris Protes Bunga Deposito Turun, Dijawab GiniMarket1 jam yang lalu",Tidak Diketahui,https://www.cnbcindonesia.com/market/20250922142658-17-669122/purbaya-cerita-hotman-paris-protes-bunga-deposito-turun-dijawab-gini,cnbc,2025-09-22 00:00:00+07:00,www.cnbcindonesia.com,"Purbaya Cerita Hotman Paris Protes Bunga Deposito Turun, Dijawab Gini
Jakarta, CNBC Indonesia - Kebijakan pemerintah menempatkan uang Rp 200 triliun di perbankan mulai menunjukkan hasil, yaitu lewat penurunan biaya dana atau cost of fund di industri perbankan.
Menteri Keuangan Purbaya Yudhi Sadewa menjelaskan dampak langsung dari kebijakan pemerintah memindahkan dana lebih anggaran dari Bank Indonesia ke bank Himbara sudah mulai dirasakan publik.
Ia menjelaskan pemerintah menempatkan dana di bank dengan bunga rendah dalam tenor 6 bulan dan bisa diperpanjang.
""Ini penempatan kas negara dengan bunga rendah, jadi bukan saya taro dalam bentuk program pembangunan ataupun earmark. Ini bunganya 80 persen dari bunga acuan BI dan tidak boleh digunakan untuk pembelian SBN. [Tenor] 6 bulan ini bisa diperpanjang, sehingga enggak ada tenornya sebetulnya itu,"" katanya.
Purbaya mengaku sudah mendengar sendiri dampak penempatan dana pemerintah terhadap cost of fund perbankan. Kenaikan likuiditas, tegasnya, membuat bank bisa mendapatkan dana dengan biaya lebih murah.
""Pak Hotman Paris protes ke saya, dia perpanjang, bunga depositonya eh malah turun. Nah itu tujuan saya. Jadi itu merupakan konfirmasi kebijakan kita mulai jalan,"" katanya.
Purbaya yakin penurunan cost of fund di bank akan mendorong konsumsi dan investasi kemudian memberikan dampak berganda ke perekonomian RI.""
""Ini kita sinergikan dengan fiskal moneter tujuannya untuk bantu likuiditas perbankan supaya iklimnya jalan,"" katanya.
(dem/dem)
[Gambas:Video CNBC]
Next Article Bunga Deposito Turun, Persaingan Dana di Bank Mulai Longgar",ok_trafilatura,,False
"Purbaya: Tak Ada Manipulasi Data Pertumbuhan Ekonomi RI 5,12% di Q2News1 jam yang lalu",Tidak Diketahui,https://www.cnbcindonesia.com/news/20250922142454-4-669123/purbaya-tak-ada-manipulasi-data-pertumbuhan-ekonomi-ri-512-di-q2,cnbc,2025-09-22 00:00:00+07:00,www.cnbcindonesia.com,"Purbaya: Tak Ada Manipulasi Data Pertumbuhan Ekonomi RI 5,12% di Q2
Jakarta, CNBC Indonesia - Menteri Keuangan Purbaya Yudhi Sadewa menegaskan tidak ada manipulasi data dalam catatan pertumbuhan ekonomi Indonesia pada kuartal II-2025. Seperti diketahui, perekonomian Indonesia tumbuh 5,12% (year on year/yoy) pada kuartal II -2025
Hal ini diyakinkan dirinya karena Kemenkeu melihat dari sisi pasokan uang pada periode tersebut.
""Ini kan masa lalu ya, bagian dari Anda anggap angka ini salah, 5,12% (PDB kuartal II-2025) katanya 5+1+2 = 8. Tapi bukan itu, di belakangnya kalau Anda lihat laju pertumbuhan uang, pada triwulan II itu tumbuh uangnya cukup kencang,"" paparnya.
""Jadi lihat juga supply uang pada waktu itu seperti apa. Pertumbuhan ekonomi terdistribusi dengan baik, Jawa tetap jadi kontributor perekonomian nasional dengan pangsa PDB 56,9 dan pertumbuhan mencapai 5,2% jadi kalau kita lihat pangsa itu perubahannya lambat,"" tambah Purbaya.
Menurutnya, pihaknya kini tahu kelemahan ekonomi RI di mana sehingga dia berjanji akan ada perbaikan pada kuartal III-2025, terutama untuk Papua dan Nusa Tenggara.
Dari catatannya, sejumlah indikator ekonomi domestik tetap positif. Salah satunya aktivitas manufaktur tetap positif. Manufaktur RI tetap ekspansif. Sementara itu, keyakinan konsumen kembali optimistis sejalan dengan penjualan ritel yang tumbuh positif dan penjualan semen yang menunjukkan tanda perbaikan dalam dua bulan terakhir.
""Tapi kelihatannya gak klop ya,"" kata Purbaya seraya bercanda.
Salah satunya, kata Purbaya, kinerja manufaktur (PMI manufaktur) tercatat meningkat karena keyakinan konsumen masih positif, kendati sempat menurun pada kuartal III.
""Rapih kan ini ada karena kebijakan kemarin yang memperlambat ekonomi sehingga kalau sekarang diubah seharusnya menjadi lebih cepat,"" tegasnya.
(haa/haa)
[Gambas:Video CNBC]
Next Article Video: Pertumbuhan Ekonomi Diproyeksi 4,7%, Indonesia Emas Atau Cemas?",ok_trafilatura,,False
