judul_berita,url_berita,tanggal_berita
Gebrakan AHY: Sulap 154 Kawasan Transmigrasi Jadi Pusat Ekonomi BaruNews1 menit yang lalu,https://www.cnbcindonesia.com/news/20250926133255-4-670482/gebrakan-ahy-sulap-154-kawasan-transmigrasi-jadi-pusat-ekonomi-baru,2025-09-26T00:00:00+07:00
"DPR Minta Minimum Free Float Naik Jadi 30%, Ini Kata AnalisMarket5 menit yang lalu",https://www.cnbcindonesia.com/market/20250926132206-17-670479/dpr-minta-minimum-free-float-naik-jadi-30-ini-kata-analis,2025-09-26T00:00:00+07:00
"InternasionalEks Presiden Divonis 5 Tahun Penjara, Terjerat Skandal Rezim DiktatorNews11 menit yang lalu",https://www.cnbcindonesia.com/news/20250926134907-4-670493/eks-presiden-divonis-5-tahun-penjara-terjerat-skandal-rezim-diktator,2025-09-26T00:00:00+07:00
"Bukan Harta, 9 Hal Paling Diinginkan Orang dalam Hidup versi PsikologLifestyle13 menit yang lalu",https://www.cnbcindonesia.com/lifestyle/20250926110440-33-670404/bukan-harta-9-hal-paling-diinginkan-orang-dalam-hidup-versi-psikolog,2025-09-26T00:00:00+07:00
"Purbaya Makan Siang Bareng Bos BI, Ini yang Dibahas!Market16 menit yang lalu",https://www.cnbcindonesia.com/market/20250926141155-17-670500/purbaya-makan-siang-bareng-bos-bi-ini-yang-dibahas,2025-09-26T00:00:00+07:00
"Rupiah Jeblok: Siap-Siap Harga Tempe, Gula Hingga Mie Instan MelonjakResearch21 menit yang lalu",https://www.cnbcindonesia.com/research/20250926112704-128-670414/rupiah-jeblok-siap-siap-harga-tempe-gula-hingga-mie-instan-melonjak,2025-09-26T00:00:00+07:00
"Kemenperin Geram, Tunjuk Pintu Masuk Barang Impor Ilegal Serbu RINews26 menit yang lalu",https://www.cnbcindonesia.com/news/20250926112953-4-670416/kemenperin-geram-tunjuk-pintu-masuk-barang-impor-ilegal-serbu-ri,2025-09-26T00:00:00+07:00
"Tinggal Disahkan Paripurna DPR, Ini 12 Poin Penting Revisi UU BUMNMarket33 menit yang lalu",https://www.cnbcindonesia.com/market/20250926133745-17-670489/tinggal-disahkan-paripurna-dpr-ini-12-poin-penting-revisi-uu-bumn,2025-09-26T00:00:00+07:00
Bank Asing Makin Banyak yang Jual Dolar di Angka Rp17.000Market35 menit yang lalu,https://www.cnbcindonesia.com/market/20250926125441-17-670457/bank-asing-makin-banyak-yang-jual-dolar-di-angka-rp17000,2025-09-26T00:00:00+07:00
"Cari Profit Lewat Fortuno School, Begini Cara Mulai Trading dari Nol!Market35 menit yang lalu",https://www.cnbcindonesia.com/market/20250926135714-17-670495/cari-profit-lewat-fortuno-school-begini-cara-mulai-trading-dari-nol,2025-09-26T00:00:00+07:00
"Indonesia Darurat Bersih-Bersih Tambang Ilegal, TINS Sudah Jadi KorbanNews41 menit yang lalu",https://www.cnbcindonesia.com/news/20250926132030-4-670468/indonesia-darurat-bersih-bersih-tambang-ilegal-tins-sudah-jadi-korban,2025-09-26T00:00:00+07:00
"Permintaan Melonjak, Galeri 24 Pastikan Stok Emas Batangan AmanNews45 menit yang lalu",https://www.cnbcindonesia.com/news/20250926133454-4-670483/permintaan-melonjak-galeri-24-pastikan-stok-emas-batangan-aman,2025-09-26T00:00:00+07:00
"Cek Iuran BPJS Kesehatan Terkini, Berlaku 26 September 2025News45 menit yang lalu",https://www.cnbcindonesia.com/news/20250926125040-4-670453/cek-iuran-bpjs-kesehatan-terkini-berlaku-26-september-2025,2025-09-26T00:00:00+07:00
"Ulang Tahun ke-70, Ini Jatuh Bangun CIMB Niaga Membangun IndonesiaResearch49 menit yang lalu",https://www.cnbcindonesia.com/research/20250926095620-128-670377/ulang-tahun-ke-70-ini-jatuh-bangun-cimb-niaga-membangun-indonesia,2025-09-26T00:00:00+07:00
2 Prompt Gemini AI Edit Foto Dikelilingi Bunga Matahari dan SakuraTech54 menit yang lalu,https://www.cnbcindonesia.com/tech/20250926130816-37-670464/2-prompt-gemini-ai-edit-foto-dikelilingi-bunga-matahari-dan-sakura,2025-09-26T00:00:00+07:00
"InternasionalDetik-Detik Pesawat Netanyahu Hindari Prancis, Takut Ditangkap ICCNews56 menit yang lalu",https://www.cnbcindonesia.com/news/20250926123509-4-670450/detik-detik-pesawat-netanyahu-hindari-prancis-takut-ditangkap-icc,2025-09-26T00:00:00+07:00
"Tak Cuma Investree, Cek 6 Startup Bangkrut dan Bermasalah di RITech1 jam yang lalu",https://www.cnbcindonesia.com/tech/20250926125545-37-670463/tak-cuma-investree-cek-6-startup-bangkrut-dan-bermasalah-di-ri,2025-09-26T00:00:00+07:00
"Pegadaian Umumkan 450 Pemenang ""Badai Emas 2025"" Periode 1News1 jam yang lalu",https://www.cnbcindonesia.com/news/20250926132002-4-670475/pegadaian-umumkan-450-pemenang-badai-emas-2025-periode-1,2025-09-26T00:00:00+07:00
"Di PBB, Menlu Sugiono: RI Dukung Badan Kemanusiaan PPB untuk PalestinaNews1 jam yang lalu",https://www.cnbcindonesia.com/news/20250926132433-4-670476/di-pbb-menlu-sugiono-ri-dukung-badan-kemanusiaan-ppb-untuk-palestina,2025-09-26T00:00:00+07:00
Ini 4 Alasan Orang Sulit Meminta Maaf kepada Orang LainLifestyle1 jam yang lalu,https://www.cnbcindonesia.com/lifestyle/20250926110102-33-670400/ini-4-alasan-orang-sulit-meminta-maaf-kepada-orang-lain,2025-09-26T00:00:00+07:00
"OJK Konpers Investree di Bandara, Seret Adrian Gunadi Balik ke RI?Market1 jam yang lalu",https://www.cnbcindonesia.com/market/20250926125448-17-670456/ojk-konpers-investree-di-bandara-seret-adrian-gunadi-balik-ke-ri,2025-09-26T00:00:00+07:00
"Tak Jadi Dilebur ke Danantara, Kementerian Diubah Jadi BP BUMNMarket1 jam yang lalu",https://www.cnbcindonesia.com/market/20250926125401-17-670455/tak-jadi-dilebur-ke-danantara-kementerian-diubah-jadi-bp-bumn,2025-09-26T00:00:00+07:00
"2025 Sisa 3 Bulan, Kuota Rumah FLPP Subsidi Masih Ada 167.000 UnitNews1 jam yang lalu",https://www.cnbcindonesia.com/news/20250926125749-4-670458/2025-sisa-3-bulan-kuota-rumah-flpp-subsidi-masih-ada-167000-unit,2025-09-26T00:00:00+07:00
"Fakta Keracunan Massal Menu MBG, Ada Lauk Ikan Hiu & Respons BGNLifestyle1 jam yang lalu",https://www.cnbcindonesia.com/lifestyle/20250926123321-33-670448/fakta-keracunan-massal-menu-mbg-ada-lauk-ikan-hiu-respons-bgn,2025-09-26T00:00:00+07:00
Proyeksi Produksi Tembaga & Emas Freeport di 2026 Diramal Turun 35%News1 jam yang lalu,https://www.cnbcindonesia.com/news/20250926123211-4-670449/proyeksi-produksi-tembaga-emas-freeport-di-2026-diramal-turun-35,2025-09-26T00:00:00+07:00
"Daftar Pemilik Baru TikTok Bertabur Miliarder, Elon Musk Tak DiajakTech1 jam yang lalu",https://www.cnbcindonesia.com/tech/20250926120412-37-670442/daftar-pemilik-baru-tiktok-bertabur-miliarder-elon-musk-tak-diajak,2025-09-26T00:00:00+07:00
"InternasionalChaos! Warga Ibu Kota Mengamuk, Mal Dibakar-Jam Malam DitetapkanNews1 jam yang lalu",https://www.cnbcindonesia.com/news/20250926113344-4-670418/chaos-warga-ibu-kota-mengamuk-mal-dibakar-jam-malam-ditetapkan,2025-09-26T00:00:00+07:00
"Menteri Transmigrasi-Menperin Teken MoU, Ini Rencana-Sasaran UtamanyaNews1 jam yang lalu",https://www.cnbcindonesia.com/news/20250926123614-4-670452/menteri-transmigrasi-menperin-teken-mou-ini-rencana-sasaran-utamanya,2025-09-26T00:00:00+07:00
"IHSG OTW Happy Weekend, Menguat Lagi Dekati Level 8.100Market1 jam yang lalu",https://www.cnbcindonesia.com/market/20250926124540-17-670454/ihsg-otw-happy-weekend-menguat-lagi-dekati-level-8100,2025-09-26T00:00:00+07:00
"Anggaran IKN Dipatok Rp6,2 T di 2026, Purbaya Janji Kebut PencairanNews1 jam yang lalu",https://www.cnbcindonesia.com/news/20250926121914-4-670444/anggaran-ikn-dipatok-rp62-t-di-2026-purbaya-janji-kebut-pencairan,2025-09-26T00:00:00+07:00
3 Kombinasi Makanan yang Perlu Dihindari demi Kesehatan PencernaanLifestyle2 jam yang lalu,https://www.cnbcindonesia.com/lifestyle/20250926100648-33-670383/3-kombinasi-makanan-yang-perlu-dihindari-demi-kesehatan-pencernaan,2025-09-26T00:00:00+07:00
"Awalnya Ngobrol di Whoosh, Menteri Transmigrasi-Menperin Teken MoU IniNews2 jam yang lalu",https://www.cnbcindonesia.com/news/20250926115902-4-670440/awalnya-ngobrol-di-whoosh-menteri-transmigrasi-menperin-teken-mou-ini,2025-09-26T00:00:00+07:00
"Jelang Hari TambangTinggalkan Kandang, 3 Emiten Raksasa RI Bersiap Jajah Tambang AsingResearch2 jam yang lalu",https://www.cnbcindonesia.com/research/20250924163935-128-669897/tinggalkan-kandang-3-emiten-raksasa-ri-bersiap-jajah-tambang-asing,2025-09-26T00:00:00+07:00
"Purbaya Panggil Soal Rokok Ilegal, Bukalapak: Tidak RelevanTech2 jam yang lalu",https://www.cnbcindonesia.com/tech/20250926111714-37-670412/purbaya-panggil-soal-rokok-ilegal-bukalapak-tidak-relevan,2025-09-26T00:00:00+07:00
"InternasionalPerang Dagang Baru Mulai Lagi 1 Oktober, Trump Naikkan Tarif 25-100%News2 jam yang lalu",https://www.cnbcindonesia.com/news/20250926120141-4-670441/perang-dagang-baru-mulai-lagi-1-oktober-trump-naikkan-tarif-25-100,2025-09-26T00:00:00+07:00
"84 Pasal Diubah, Revisi UU BUMN Siap Dibawa ke ParipurnaMarket2 jam yang lalu",https://www.cnbcindonesia.com/market/20250926115336-17-670435/84-pasal-diubah-revisi-uu-bumn-siap-dibawa-ke-paripurna,2025-09-26T00:00:00+07:00
Haji Robert & Hapsoro Diam-Diam Lepas 10 Juta Saham Prajogo (PTRO)Market2 jam yang lalu,https://www.cnbcindonesia.com/market/20250926112030-17-670410/haji-robert-hapsoro-diam-diam-lepas-10-juta-saham-prajogo--ptro-,2025-09-26T00:00:00+07:00
Gawat! DPR Sebut Mafia Timah MerajalelaNews2 jam yang lalu,https://www.cnbcindonesia.com/news/20250926112231-4-670411/gawat-dpr-sebut-mafia-timah-merajalela,2025-09-26T00:00:00+07:00
"Sempat Digembok Gegara Langgar Komitmen, BEI Buka Suspensi KOKAMarket2 jam yang lalu",https://www.cnbcindonesia.com/market/20250926112125-17-670417/sempat-digembok-gegara-langgar-komitmen-bei-buka-suspensi-koka,2025-09-26T00:00:00+07:00
Kabupaten Trenggalek Raih 2 Kategori Penghargaan SIPP Award 2025News2 jam yang lalu,https://www.cnbcindonesia.com/news/20250926113107-4-670421/kabupaten-trenggalek-raih-2-kategori-penghargaan-sipp-award-2025,2025-09-26T00:00:00+07:00
Simak! Beda Sikap Trump Vs Prabowo Soal Energi Baru TerbarukanNews2 jam yang lalu,https://www.cnbcindonesia.com/news/20250926110750-4-670406/simak-beda-sikap-trump-vs-prabowo-soal-energi-baru-terbarukan,2025-09-26T00:00:00+07:00
"Bos Pabrik Rokok Datangi Kantor Purbaya, Sampaikan Pesan IniNews2 jam yang lalu",https://www.cnbcindonesia.com/news/20250926113400-4-670419/bos-pabrik-rokok-datangi-kantor-purbaya-sampaikan-pesan-ini,2025-09-26T00:00:00+07:00
Tak Berdaya! Rupiah Babak Belur Lawan Mata Uang ASEANResearch3 jam yang lalu,https://www.cnbcindonesia.com/research/20250926102414-128-670389/tak-berdaya-rupiah-babak-belur-lawan-mata-uang-asean,2025-09-26T00:00:00+07:00
"Buntut Pembobolan Rekening Sekuritas Rp 70 M, OJK Panggil BCAMarket3 jam yang lalu",https://www.cnbcindonesia.com/market/20250926112940-17-670415/buntut-pembobolan-rekening-sekuritas-rp-70-m-ojk-panggil-bca,2025-09-26T00:00:00+07:00
"InternasionalNetanyahu Ngamuk Lagi! Bombardir Negara Arab, 9 Tewas & 170 Luka-LukaNews3 jam yang lalu",https://www.cnbcindonesia.com/news/20250926110646-4-670405/netanyahu-ngamuk-lagi-bombardir-negara-arab-9-tewas-170-luka-luka,2025-09-26T00:00:00+07:00
"Dukung Penurunan Emisi-Penanggulangan Bencana, Ini Peran Penting BPDLHNews3 jam yang lalu",https://www.cnbcindonesia.com/news/20250926112320-4-670413/dukung-penurunan-emisi-penanggulangan-bencana-ini-peran-penting-bpdlh,2025-09-26T00:00:00+07:00
"Chatib Basri Ungkap Efek Bunga Deposito Dolar Naik, Rupiah Bisa LoyoMarket3 jam yang lalu",https://www.cnbcindonesia.com/market/20250926111645-17-670409/chatib-basri-ungkap-efek-bunga-deposito-dolar-naik-rupiah-bisa-loyo,2025-09-26T00:00:00+07:00
"Purbaya Sentil Rokok Ilegal, TikTok Shop Bilang Tanggung Jawab PenjualTech3 jam yang lalu",https://www.cnbcindonesia.com/tech/20250926110804-37-670407/purbaya-sentil-rokok-ilegal-tiktok-shop-bilang-tanggung-jawab-penjual,2025-09-26T00:00:00+07:00
Daftar 7 Bandara Terkecil Dunia & Jumlah Penerbangan yang TerbatasLifestyle3 jam yang lalu,https://www.cnbcindonesia.com/lifestyle/20250926092434-33-670373/daftar-7-bandara-terkecil-dunia-jumlah-penerbangan-yang-terbatas,2025-09-26T00:00:00+07:00
Komisi VI DPR Sepakat Kementerian BUMN Diubah Jadi Badan PengaturanMarket3 jam yang lalu,https://www.cnbcindonesia.com/market/20250926110357-17-670402/komisi-vi-dpr-sepakat-kementerian-bumn-diubah-jadi-badan-pengaturan,2025-09-26T00:00:00+07:00
Purbaya Ancam Ambil Alih Uang Pemda yang Masih Nganggur Ekonomi • 19 jam yang lalu,https://www.cnnindonesia.com/ekonomi/20250925180050-532-1277772/purbaya-ancam-ambil-alih-uang-pemda-yang-masih-nganggur,2025-09-25T19:37:33+07:00
"Luhut: Program MBG Bagus, Tinggal Pengelolaan yang Tertib Ekonomi • 20 jam yang lalu",https://www.cnnindonesia.com/ekonomi/20250925100133-532-1277517/luhut-program-mbg-bagus-tinggal-pengelolaan-yang-tertib,2025-09-25T17:51:44+07:00
Purbaya Optimistis Mimpi Prabowo Defisit APBN 0 Persen Bisa Terwujud Ekonomi • 2 hari yang lalu,https://www.cnnindonesia.com/ekonomi/20250923163703-532-1276872/purbaya-optimistis-mimpi-prabowo-defisit-apbn-0-persen-bisa-terwujud,2025-09-23T17:15:17+07:00
Purbaya Pede Bisa Genjot Ekonomi RI Lebih Cepat Tanpa Tambah Utang Ekonomi • 2 hari yang lalu,https://www.cnnindonesia.com/ekonomi/20250923142814-532-1276800/purbaya-pede-bisa-genjot-ekonomi-ri-lebih-cepat-tanpa-tambah-utang,2025-09-23T15:18:00+07:00
"Purbaya Tegaskan Data Ekonomi RI Tumbuh 5,12 Persen Bukan Manipulasi Ekonomi • 3 hari yang lalu",https://www.cnnindonesia.com/ekonomi/20250922162321-532-1276432/purbaya-tegaskan-data-ekonomi-ri-tumbuh-512-persen-bukan-manipulasi,2025-09-22T19:30:38+07:00
"Purbaya Panggil Tokopedia Cs, Larang Jual Rokok Ilegal Mulai 1 Oktober Ekonomi • 3 hari yang lalu",https://www.cnnindonesia.com/ekonomi/20250922174710-532-1276471/purbaya-panggil-tokopedia-cs-larang-jual-rokok-ilegal-mulai-1-oktober,2025-09-22T18:15:49+07:00
Purbaya Ancam Sikat Oknum Bea Cukai Terlibat Peredaran Rokok Ilegal Ekonomi • 3 hari yang lalu,https://www.cnnindonesia.com/ekonomi/20250922153320-532-1276410/purbaya-ancam-sikat-oknum-bea-cukai-terlibat-peredaran-rokok-ilegal,2025-09-22T16:28:44+07:00
Menkeu Purbaya soal Satgas BLBI: Kalau Cuma Buat Keributan Enggak Usah Ekonomi • 6 hari yang lalu,https://www.cnnindonesia.com/ekonomi/20250920072756-532-1275700/menkeu-purbaya-soal-satgas-blbi-kalau-cuma-buat-keributan-enggak-usah,2025-09-20T07:50:00+07:00
Purbaya Tegas Tolak Tax Amnesty Jilid III: Beri Sinyal Boleh Melanggar Ekonomi • 1 minggu yang lalu,https://www.cnnindonesia.com/ekonomi/20250919140705-532-1275476/purbaya-tegas-tolak-tax-amnesty-jilid-iii-beri-sinyal-boleh-melanggar,2025-09-19T14:21:32+07:00
"Purbaya soal Gugatan Tutut Soeharto: Sudah Dicabut, Beliau Kirim Salam Ekonomi • 1 minggu yang lalu",https://www.cnnindonesia.com/ekonomi/20250918151932-532-1275123/purbaya-soal-gugatan-tutut-soeharto-sudah-dicabut-beliau-kirim-salam,2025-09-18T15:41:16+07:00
"Purbaya: Yang Takut RI Gelap, Jangan Khawatir, Sebentar Lagi Terang Ekonomi • 1 minggu yang lalu",https://www.cnnindonesia.com/ekonomi/20250917122423-532-1274591/purbaya-yang-takut-ri-gelap-jangan-khawatir-sebentar-lagi-terang,2025-09-17T12:39:25+07:00
Purbaya Bersuara Saat Kebijakannya Dibandingkan dengan Sri Mulyani Ekonomi • 1 minggu yang lalu,https://www.cnnindonesia.com/ekonomi/20250917103601-532-1274537/purbaya-bersuara-saat-kebijakannya-dibandingkan-dengan-sri-mulyani,2025-09-17T10:50:07+07:00
"01:59 VIDEO: Purbaya: Dirut Bank Himbara Pusing, Saya Suruh Mereka Mikir TV • 1 minggu yang lalu",https://www.cnnindonesia.com/tv/20250916111325-400-1274175/video-purbaya-dirut-bank-himbara-pusing-saya-suruh-mereka-mikir,2025-09-16T11:15:45+07:00
Purbaya Pede Defisit APBN Tak Melebar Gara-gara Stimulus Ekonomi Ekonomi • 1 minggu yang lalu,https://www.cnnindonesia.com/ekonomi/20250915175909-532-1273968/purbaya-pede-defisit-apbn-tak-melebar-gara-gara-stimulus-ekonomi,2025-09-15T21:00:45+07:00
Purbaya Sebut Ada Bank Ngaku Tak Sanggup Serap Uang Pemerintah Rp200 T Ekonomi • 1 minggu yang lalu,https://www.cnnindonesia.com/ekonomi/20250915183126-532-1273985/purbaya-sebut-ada-bank-ngaku-tak-sanggup-serap-uang-pemerintah-rp200-t,2025-09-15T19:04:47+07:00
"Purbaya Guyur Bank Rp200 T, Zulhas Singgung Jatah Kopdes Merah Putih Ekonomi • 1 minggu yang lalu",https://www.cnnindonesia.com/ekonomi/20250915134736-92-1273846/purbaya-guyur-bank-rp200-t-zulhas-singgung-jatah-kopdes-merah-putih,2025-09-15T19:03:22+07:00
05:08 VIDEO: Menanti Penyerapan Dana Suntikan Rp.200 Triliun TV • 1 minggu yang lalu,https://www.cnnindonesia.com/tv/20250914132720-404-1273533/video-menanti-penyerapan-dana-suntikan-rp200-triliun,2025-09-14T13:53:17+07:00
"Bank Himbara Dapat Suntikan Rp200 T, untuk Apa? Ekonomi • 1 minggu yang lalu",https://www.cnnindonesia.com/ekonomi/20250912173110-532-1273102/bank-himbara-dapat-suntikan-rp200-t-untuk-apa,2025-09-13T08:10:08+07:00
Purbaya Akan Naikkan Jatah Anggaran Daerah Usai PBB Naik Selangit Ekonomi • 2 minggu yang lalu,https://www.cnnindonesia.com/ekonomi/20250911185023-532-1272721/purbaya-akan-naikkan-jatah-anggaran-daerah-usai-pbb-naik-selangit,2025-09-11T19:22:47+07:00
Apa Efek Jika Purbaya Sebar Dana Pemerintah Rp200 T di BI ke Bank? Ekonomi • 2 minggu yang lalu,https://www.cnnindonesia.com/ekonomi/20250911111354-532-1272488/apa-efek-jika-purbaya-sebar-dana-pemerintah-rp200-t-di-bi-ke-bank,2025-09-11T12:07:47+07:00
04:19 VIDEO: Rapat Perdana Menkeu Purbaya Dicecar Komisi XI DPR TV • 2 minggu yang lalu,https://www.cnnindonesia.com/tv/20250911092357-400-1272431/video-rapat-perdana-menkeu-purbaya-dicecar-komisi-xi-dpr,2025-09-11T09:26:30+07:00
"Serapan Anggaran Rendah, Purbaya Minta Bos BGN Jumpa Pers Tiap Bulan Ekonomi • 2 minggu yang lalu",https://www.cnnindonesia.com/ekonomi/20250910180046-532-1272257/serapan-anggaran-rendah-purbaya-minta-bos-bgn-jumpa-pers-tiap-bulan,2025-09-10T20:20:40+07:00
00:55 VIDEO: Purbaya Tanya Balik DPR soal Warisan Masalah Fiskal dan Moneter Ekonomi • 2 minggu yang lalu,https://www.cnnindonesia.com/ekonomi/20250910175630-536-1272255/video-purbaya-tanya-balik-dpr-soal-warisan-masalah-fiskal-dan-moneter,2025-09-10T18:16:44+07:00
Purbaya Sebut Rp425 T Mengendap di BI: Makanya Orang Susah Cari Kerja Ekonomi • 2 minggu yang lalu,https://www.cnnindonesia.com/ekonomi/20250910160549-532-1272212/purbaya-sebut-rp425-t-mengendap-di-bi-makanya-orang-susah-cari-kerja,2025-09-10T17:02:00+07:00
Menperin Pastikan Wadah Makan MBG Wajib SNI Tahun Ini Ekonomi • 1 jam yang lalu,https://www.cnnindonesia.com/ekonomi/20250926122611-92-1277971/menperin-pastikan-wadah-makan-mbg-wajib-sni-tahun-ini,2025-09-26T13:32:18+07:00
"26 Siswa Keracunan MBG, Pemkab Mamuju Sulbar Tetapkan Status KLB Nasional • 1 jam yang lalu",https://www.cnnindonesia.com/nasional/20250926130401-20-1277987/26-siswa-keracunan-mbg-pemkab-mamuju-sulbar-tetapkan-status-klb,2025-09-26T13:14:58+07:00
11:44 VIDEO: Kondisi Terkini Korban Keracunan MBG di Bandung Barat TV • 1 jam yang lalu,https://www.cnnindonesia.com/tv/20250926124251-400-1277979/video-kondisi-terkini-korban-keracunan-mbg-di-bandung-barat,2025-09-26T12:49:13+07:00
Food Tray MBG di Lebak Diduga Tercemar Air Limbah Bekas Makanan Nasional • 2 jam yang lalu,https://www.cnnindonesia.com/nasional/20250926111757-20-1277943/food-tray-mbg-di-lebak-diduga-tercemar-air-limbah-bekas-makanan,2025-09-26T11:47:50+07:00
04:25 VIDEO: SPPG di Lebak Diduga Abaikan Higienitas Pengolahan MBG TV • 3 jam yang lalu,https://www.cnnindonesia.com/tv/20250926113358-400-1277954/video-sppg-di-lebak-diduga-abaikan-higienitas-pengolahan-mbg,2025-09-26T11:37:54+07:00
"Lontarkan Kritik Keras MBG di Depan DPR, Siapa Itu dr Tan Shot Yen? Gaya Hidup • 4 jam yang lalu",https://www.cnnindonesia.com/gaya-hidup/20250926092945-255-1277878/lontarkan-kritik-keras-mbg-di-depan-dpr-siapa-itu-dr-tan-shot-yen,2025-09-26T10:15:45+07:00
02:08 VIDEO: Ibu Hamil dan Menyusui Jadi Korban Keracunan MBG TV • 4 jam yang lalu,https://www.cnnindonesia.com/tv/20250926092706-400-1277879/video-ibu-hamil-dan-menyusui-jadi-korban-keracunan-mbg,2025-09-26T09:38:55+07:00
04:59 VIDEO: Siswa Kabupaten Bandung Barat Keracunan MBG TV • 5 jam yang lalu,https://www.cnnindonesia.com/tv/20250926091548-400-1277872/video-siswa-kabupaten-bandung-barat-keracunan-mbg,2025-09-26T09:19:35+07:00
"Viral Serpihan Kaca dalam Menu MBG di Batam, SPPG Sebut Tak Sengaja Nasional • 5 jam yang lalu",https://www.cnnindonesia.com/nasional/20250926082950-20-1277865/viral-serpihan-kaca-dalam-menu-mbg-di-batam-sppg-sebut-tak-sengaja,2025-09-26T08:55:28+07:00
"05:15 VIDEO: Ditemukan Ulat dan Belatung, MBG Dievaluasi TV • 6 jam yang lalu",https://www.cnnindonesia.com/tv/20250926081207-400-1277863/video-ditemukan-ulat-dan-belatung-mbg-dievaluasi,2025-09-26T08:15:51+07:00
Daftar Pihak yang Minta MBG Disetop-Evaluasi Buntut Banyak Keracunan Ekonomi • 7 jam yang lalu,https://www.cnnindonesia.com/ekonomi/20250925162434-532-1277724/daftar-pihak-yang-minta-mbg-disetop-evaluasi-buntut-banyak-keracunan,2025-09-26T07:30:40+07:00
Setumpuk Respons Badan Gizi soal Kasus Keracunan MBG Ekonomi • 7 jam yang lalu,https://www.cnnindonesia.com/ekonomi/20250925153532-92-1277687/setumpuk-respons-badan-gizi-soal-kasus-keracunan-mbg,2025-09-26T06:53:52+07:00
Warga Demo SPPG di Makassar Buntut Temuan Belatung di Nampan MBG Nasional • 9 jam yang lalu,https://www.cnnindonesia.com/nasional/20250925202942-20-1277818/warga-demo-sppg-di-makassar-buntut-temuan-belatung-di-nampan-mbg,2025-09-26T04:51:19+07:00
Dasco Minta Aparat Hukum Ikut Investigasi Kasus Keracunan MBG Nasional • 11 jam yang lalu,https://www.cnnindonesia.com/nasional/20250925170543-32-1277755/dasco-minta-aparat-hukum-ikut-investigasi-kasus-keracunan-mbg,2025-09-26T03:36:21+07:00
BGN Sebut MBG Telah Jangkau 29 Juta Penerima di 8.018 SPPG Nasional • 12 jam yang lalu,https://www.cnnindonesia.com/nasional/20250925194110-20-1277802/bgn-sebut-mbg-telah-jangkau-29-juta-penerima-di-8018-sppg,2025-09-26T02:20:07+07:00
Bareskrim Turun Tangan soal Kasus Keracunan MBG Nasional • 16 jam yang lalu,https://www.cnnindonesia.com/nasional/20250925204309-12-1277814/bareskrim-turun-tangan-soal-kasus-keracunan-mbg,2025-09-25T22:34:57+07:00
02:16 VIDEO: Pemerintah Sebut MBG Tidak Perlu Dihentikan Total TV • 16 jam yang lalu,https://www.cnnindonesia.com/tv/20250925211009-404-1277820/video-pemerintah-sebut-mbg-tidak-perlu-dihentikan-total,2025-09-25T21:55:26+07:00
01:49 VIDEO: DPR Desak Investigasi Kasus Keracunan Massal MBG TV • 17 jam yang lalu,https://www.cnnindonesia.com/tv/20250925211008-404-1277821/video-dpr-desak-investigasi-kasus-keracunan-massal-mbg,2025-09-25T21:31:02+07:00
"Siswa Pulogebang Muntah Usai Makan MBG, Pemkot Jaktim Buka Suara Nasional • 18 jam yang lalu",https://www.cnnindonesia.com/nasional/20250925193514-20-1277804/siswa-pulogebang-muntah-usai-makan-mbg-pemkot-jaktim-buka-suara,2025-09-25T20:37:07+07:00
Data Kasus Keracunan MBG versi BGN per 22 September: 4.711 Korban Nasional • 18 jam yang lalu,https://www.cnnindonesia.com/nasional/20250925191406-20-1277791/data-kasus-keracunan-mbg-versi-bgn-per-22-september-4711-korban,2025-09-25T20:07:08+07:00
INFOGRAFIS: Peta Sebaran Kasus Keracunan MBG Nasional • 18 jam yang lalu,https://www.cnnindonesia.com/nasional/20250925193005-23-1277799/infografis-peta-sebaran-kasus-keracunan-mbg,2025-09-25T19:47:01+07:00
KSP: Cuma 34 dari 8.583 Dapur MBG yang Kantongi Sertifikat Higienis Nasional • 19 jam yang lalu,https://www.cnnindonesia.com/nasional/20250925190206-20-1277788/ksp-cuma-34-dari-8583-dapur-mbg-yang-kantongi-sertifikat-higienis,2025-09-25T19:21:54+07:00
BGN Tegaskan Tanggung Seluruh Biaya Pengobatan Korban Keracunan MBG Nasional • 19 jam yang lalu,https://www.cnnindonesia.com/nasional/20250925175926-20-1277777/bgn-tegaskan-tanggung-seluruh-biaya-pengobatan-korban-keracunan-mbg,2025-09-25T18:59:04+07:00
BGN Soal Ikan Hiu Jadi Menu MBG di Ketapang: Kearifan Lokal Nasional • 20 jam yang lalu,https://www.cnnindonesia.com/nasional/20250925180221-20-1277771/bgn-soal-ikan-hiu-jadi-menu-mbg-di-ketapang-kearifan-lokal,2025-09-25T18:25:39+07:00
Ibu Menyusui Juga Keracunan MBG di Cipongkor: Saya Kapok Nasional • 21 jam yang lalu,https://www.cnnindonesia.com/nasional/20250925161702-20-1277711/ibu-menyusui-juga-keracunan-mbg-di-cipongkor-saya-kapok,2025-09-25T16:58:32+07:00
27 Siswa SMP di Parigi Moutong Sulteng Keracunan MBG Nasional • 22 jam yang lalu,https://www.cnnindonesia.com/nasional/20250925152430-20-1277681/27-siswa-smp-di-parigi-moutong-sulteng-keracunan-mbg,2025-09-25T16:07:00+07:00
YLKI Minta MBG Dievaluasi: Bila Perlu Setop Sementara atau Jadi Bom Ekonomi • 22 jam yang lalu,https://www.cnnindonesia.com/ekonomi/20250925150557-92-1277665/ylki-minta-mbg-dievaluasi-bila-perlu-setop-sementara-atau-jadi-bom,2025-09-25T15:43:20+07:00
01:49 VIDEO: Momen Tan Shot Yen Kritik Keras Menu MBG di Depan DPR Gaya Hidup • 23 jam yang lalu,https://www.cnnindonesia.com/gaya-hidup/20250925112615-259-1277558/video-momen-tan-shot-yen-kritik-keras-menu-mbg-di-depan-dpr,2025-09-25T15:30:37+07:00
8 FOTO FOTO: Para Siswa Korban Keracunan MBG di Bandung Barat Nasional • 23 jam yang lalu,https://www.cnnindonesia.com/nasional/20250925140629-22-1277628/foto-para-siswa-korban-keracunan-mbg-di-bandung-barat,2025-09-25T14:57:50+07:00
Dapur MBG Ditutup Akibat 23 Siswa di Mamuju Diduga Keracunan Nasional • 1 hari yang lalu,https://www.cnnindonesia.com/nasional/20250923130327-20-1276752/dapur-mbg-ditutup-akibat-23-siswa-di-mamuju-diduga-keracunan,2025-09-25T14:18:42+07:00
Daftar 8 Stimulus yang Digelontorkan Prabowo Buat Terbangkan Ekonomi Ekonomi • 1 minggu yang lalu,https://www.cnnindonesia.com/ekonomi/20250915184434-532-1273990/daftar-8-stimulus-yang-digelontorkan-prabowo-buat-terbangkan-ekonomi,2025-09-16T06:30:32+07:00
00:55 VIDEO: Pemerintah Gelar Magang Fresh Graduate S1-D3 dengan Bayaran UMP Ekonomi • 1 minggu yang lalu,https://www.cnnindonesia.com/ekonomi/20250915152800-536-1273917/video-pemerintah-gelar-magang-fresh-graduate-s1-d3-dengan-bayaran-ump,2025-09-15T15:47:54+07:00
"Pemerintah Gelar Magang 20 Ribu Fresh Graduate S1-D3, Beri Gaji UMP Ekonomi • 1 minggu yang lalu",https://www.cnnindonesia.com/ekonomi/20250915142616-532-1273868/pemerintah-gelar-magang-20-ribu-fresh-graduate-s1-d3-beri-gaji-ump,2025-09-15T14:38:26+07:00
"Sri Mulyani Siapkan Stimulus Rp10,8 T Buat Angkat Ekonomi Kuartal III Ekonomi • 1 bulan yang lalu",https://www.cnnindonesia.com/ekonomi/20250805194228-532-1259120/sri-mulyani-siapkan-stimulus-rp108-t-buat-angkat-ekonomi-kuartal-iii,2025-08-05T20:15:52+07:00
"Prabowo Akan Diskon Tiket Pesawat, KA, PPN Properti Lagi, Kapan? Ekonomi • 2 bulan yang lalu",https://www.cnnindonesia.com/ekonomi/20250725184700-532-1255028/prabowo-akan-diskon-tiket-pesawat-ka-ppn-properti-lagi-kapan,2025-07-25T19:10:08+07:00
01:04 VIDEO: Pemerintah Siapkan Stimulus Ringankan Beban Pengusaha TV • 5 bulan yang lalu,https://www.cnnindonesia.com/tv/20250409120050-407-1217078/video-pemerintah-siapkan-stimulus-ringankan-beban-pengusaha,2025-04-09T12:18:06+07:00
Sri Mulyani Akan Lebih Selektif Tebar Insentif Ekonomi • 2 tahun yang lalu,https://www.cnnindonesia.com/ekonomi/20221103165918-532-869166/sri-mulyani-akan-lebih-selektif-tebar-insentif,2022-11-03T17:30:19+07:00
"BI Proyeksi Yield Obligasi AS Naik Jadi 2,5 Persen Tahun Ini Ekonomi • 3 tahun yang lalu",https://www.cnnindonesia.com/ekonomi/20220127094018-78-751809/bi-proyeksi-yield-obligasi-as-naik-jadi-25-persen-tahun-ini,2022-01-28T10:44:37+07:00
OJK Perpanjang Stimulus Covid-19 Non Bank hingga 17 April 2023 Ekonomi • 3 tahun yang lalu,https://www.cnnindonesia.com/ekonomi/20220107083430-78-743653/ojk-perpanjang-stimulus-covid-19-non-bank-hingga-17-april-2023,2022-01-07T08:45:36+07:00
"Inggris Siapkan Bantuan Rp18,9 T untuk Bisnis Terdampak Omicron Ekonomi • 3 tahun yang lalu",https://www.cnnindonesia.com/ekonomi/20211221213014-92-737000/inggris-siapkan-bantuan-rp189-t-untuk-bisnis-terdampak-omicron,2021-12-21T22:25:22+07:00
"Sandiaga Uno Kucurkan Stimulus untuk Industri Kreatif Film Rp114,88 M Ekonomi • 3 tahun yang lalu",https://www.cnnindonesia.com/ekonomi/20211220072614-92-736026/sandiaga-uno-kucurkan-stimulus-untuk-industri-kreatif-film-rp11488-m,2021-12-20T07:37:57+07:00
"China 'Pompa' Stimulus Rp2.694,6 T Demi Pulihkan Ekonomi Ekonomi • 3 tahun yang lalu",https://www.cnnindonesia.com/ekonomi/20211208110823-92-731336/china-pompa-stimulus-rp26946-t-demi-pulihkan-ekonomi,2021-12-08T13:22:50+07:00
08:27 VIDEO: Pemerintah Tebar Stimulus di Pesta Diskon E-Commerce TV • 3 tahun yang lalu,https://www.cnnindonesia.com/tv/20211111114640-412-719655/video-pemerintah-tebar-stimulus-di-pesta-diskon-e-commerce,2021-11-11T11:52:10+07:00
The Fed Akan Mulai Lakukan Tapering Akhir November Ekonomi • 3 tahun yang lalu,https://www.cnnindonesia.com/ekonomi/20211104112354-532-716496/the-fed-akan-mulai-lakukan-tapering-akhir-november,2021-11-04T12:26:24+07:00
4 Permintaan Pengusaha Jika Pemerintah Perpanjang PPKM Ekonomi • 4 tahun yang lalu,https://www.cnnindonesia.com/ekonomi/20210809164318-92-678354/4-permintaan-pengusaha-jika-pemerintah-perpanjang-ppkm,2021-08-09T17:21:43+07:00
Bank Sentral Eropa Bakal Rilis US$1 T Stimulus Covid-19 Ekonomi • 4 tahun yang lalu,https://www.cnnindonesia.com/ekonomi/20210723101234-532-671171/bank-sentral-eropa-bakal-rilis-us-1-t-stimulus-covid-19,2021-07-23T10:17:37+07:00
"Anggaran Stimulus Listrik Kuartal III Capai Rp2,33 T Ekonomi • 4 tahun yang lalu",https://www.cnnindonesia.com/ekonomi/20210705134332-85-663358/anggaran-stimulus-listrik-kuartal-iii-capai-rp233-t,2021-07-05T17:50:50+07:00
Pemerintah Siapkan 9 Paket Stimulus Proyek Hulu Migas Laut Ekonomi • 4 tahun yang lalu,https://www.cnnindonesia.com/ekonomi/20210609110029-85-652040/pemerintah-siapkan-9-paket-stimulus-proyek-hulu-migas-laut,2021-06-09T11:11:11+07:00
Harga Barang-barang Naik di AS Ekonomi • 4 tahun yang lalu,https://www.cnnindonesia.com/ekonomi/20210414180612-92-630011/harga-barang-barang-naik-di-as,2021-04-15T07:06:13+07:00
Biang Kerok Rupiah Lesu: Stimulus Fiskal dari Joe Biden Ekonomi • 4 tahun yang lalu,https://www.cnnindonesia.com/ekonomi/20210318165636-78-619270/biang-kerok-rupiah-lesu-stimulus-fiskal-dari-joe-biden,2021-03-18T17:23:40+07:00
"DPR AS Resmi Setujui Paket Stimulus US$1,9 T dari Joe Biden Ekonomi • 4 tahun yang lalu",https://www.cnnindonesia.com/ekonomi/20210311125019-532-616398/dpr-as-resmi-setujui-paket-stimulus-us-19-t-dari-joe-biden,2021-03-11T13:15:46+07:00
Pemerintah Perpanjang Diskon Tarif Listrik April-Juni 2021 Ekonomi • 4 tahun yang lalu,https://www.cnnindonesia.com/ekonomi/20210309172858-85-615647/pemerintah-perpanjang-diskon-tarif-listrik-april-juni-2021,2021-03-09T17:47:37+07:00
"Euforia US$1,9 Triliun Stimulus AS Bisa Angkat IHSG Ekonomi • 4 tahun yang lalu",https://www.cnnindonesia.com/ekonomi/20210302061332-92-612442/euforia-us-19-triliun-stimulus-as-bisa-angkat-ihsg,2021-03-02T06:41:21+07:00
G20 Janji Tidak Akan Buru-buru Setop Bantuan Ekonomi • 4 tahun yang lalu,https://www.cnnindonesia.com/ekonomi/20210226135627-532-611297/g20-janji-tidak-akan-buru-buru-setop-bantuan,2021-03-01T06:41:21+07:00
03:58 VIDEO: Jurus Stimulus 'American Rescue Plan' TV • 4 tahun yang lalu,https://www.cnnindonesia.com/tv/20210219111302-400-608278/video-jurus-stimulus-american-rescue-plan,2021-02-19T11:18:09+07:00
Daftar Insentif Sektor Pariwisata dari Pemerintah Ekonomi • 4 tahun yang lalu,https://www.cnnindonesia.com/ekonomi/20210217093605-532-607199/daftar-insentif-sektor-pariwisata-dari-pemerintah,2021-02-17T09:51:15+07:00
Harga Minyak Melesat ke Level Tertinggi Sejak Januari 2020 Ekonomi • 4 tahun yang lalu,https://www.cnnindonesia.com/ekonomi/20210209070412-85-603928/harga-minyak-melesat-ke-level-tertinggi-sejak-januari-2020,2021-02-09T07:22:21+07:00
"Insentif Pajak Berlanjut, Pengusaha Minta Tambah Stimulus Ekonomi • 4 tahun yang lalu",https://www.cnnindonesia.com/ekonomi/20210204100439-532-602114/insentif-pajak-berlanjut-pengusaha-minta-tambah-stimulus,2021-02-04T10:12:22+07:00
"Pemerintah Siapkan Rp4,57 T Buat Listrik Gratis 2021 Ekonomi • 4 tahun yang lalu",https://www.cnnindonesia.com/ekonomi/20210122142254-85-597174/pemerintah-siapkan-rp457-t-buat-listrik-gratis-2021,2021-01-22T18:01:58+07:00
"Bukan Cuma Stimulus, Biden Harus Tundukkan Covid-19 Ekonomi • 4 tahun yang lalu",https://www.cnnindonesia.com/ekonomi/20210119102609-532-595466/bukan-cuma-stimulus-biden-harus-tundukkan-covid-19,2021-01-19T10:39:10+07:00
"Purbaya Beri Subsidi Bunga buat KUR Perumahan, Segini Besarannya",https://www.detik.com/properti/berita/d-8131197/purbaya-beri-subsidi-bunga-buat-kur-perumahan-segini-besarannya,2025-09-26T11:00:52+07:00
Janji Purbaya Genjot Pertumbuhan Ekonomi-Tekan Jumlah Utang,https://finance.detik.com/berita-ekonomi-bisnis/d-8126940/janji-purbaya-genjot-pertumbuhan-ekonomi-tekan-jumlah-utang,2025-09-24T08:58:32+07:00
Purbaya: Saya Tak Akan Tambah Utang Terlalu Besar,https://finance.detik.com/berita-ekonomi-bisnis/d-8125951/purbaya-saya-tak-akan-tambah-utang-terlalu-besar,2025-09-23T13:13:19+07:00
Purbaya Ingatkan Bank Penerima Rp 200 T: Kalau Nggak Hati-hati Bisa Dipecat,https://finance.detik.com/moneter/d-8115243/purbaya-ingatkan-bank-penerima-rp-200-t-kalau-nggak-hati-hati-bisa-dipecat,2025-09-16T18:29:51+07:00
Kondisi Ekonomi Nasional dan Tantangannya,https://news.detik.com/kolom/d-8111922/kondisi-ekonomi-nasional-dan-tantangannya,2025-09-14T22:58:14+07:00
Korban Keracunan MBG di Sumedang Capai 164 Siswa,https://www.detik.com/jabar/berita/d-8131647/korban-keracunan-mbg-di-sumedang-capai-164-siswa,2025-09-26T14:17:28+07:00
"Panglima TNI: 452 SPPG Beroperasi, Target Kelola 2.000 Titik",https://www.detik.com/jateng/berita/d-8131630/panglima-tni-452-sppg-beroperasi-target-kelola-2-000-titik,2025-09-26T14:08:27+07:00
"Marak Kasus Keracunan MBG, YLKI Minta Ada Jaminan Higienis Sanitasi Dapur",https://news.detik.com/berita/d-8131550/marak-kasus-keracunan-mbg-ylki-minta-ada-jaminan-higienis-sanitasi-dapur,2025-09-26T13:31:39+07:00
"Baru 2 Pekan, Pasokan MBG di SMAN 1 Kedungwaru Mendadak Mandek",https://www.detik.com/jatim/berita/d-8131473/baru-2-pekan-pasokan-mbg-di-sman-1-kedungwaru-mendadak-mandek,2025-09-26T13:30:59+07:00
Satu Siswa SDN 178 Palembang Masih Dirawat Usai Keracunan MBG,https://www.detik.com/sumbagsel/berita/d-8131230/satu-siswa-sdn-178-palembang-masih-dirawat-usai-keracunan-mbg,2025-09-26T13:30:56+07:00
Tanggapan BGN Usai Menu MBG Dikritik: Sering Variasi Menu Permintaan Anak-anak,https://www.detik.com/edu/sekolah/d-8131532/tanggapan-bgn-usai-menu-mbg-dikritik-sering-variasi-menu-permintaan-anak-anak,2025-09-26T13:30:02+07:00
Penampakan Dapur MBG di Bandung yang Bikin Ratusan Siswa Keracunan,https://news.detik.com/foto-news/d-8130038/penampakan-dapur-mbg-di-bandung-yang-bikin-ratusan-siswa-keracunan,2025-09-25T18:00:53+07:00
Potret Pilu Ribuan Anak Sekolah Jadi Korban Makan Bergizi Gratis,https://health.detik.com/fotohealth/d-8129561/potret-pilu-ribuan-anak-sekolah-jadi-korban-makan-bergizi-gratis,2025-09-25T13:10:51+07:00
352 Siswa-Orang Tua di Bandung Barat Keracunan MBG,https://news.detik.com/foto-news/d-8125640/352-siswa-orang-tua-di-bandung-barat-keracunan-mbg,2025-09-23T12:00:10+07:00
Program MBG Warnai MPLS di Sekolah Rakyat Jakarta,https://news.detik.com/foto-news/d-8013230/program-mbg-warnai-mpls-di-sekolah-rakyat-jakarta,2025-07-16T10:00:20+07:00
Makan Bergizi Gratis Mulai Digelar di Padang,https://finance.detik.com/foto-bisnis/d-7948963/makan-bergizi-gratis-mulai-digelar-di-padang,2025-06-05T09:00:18+07:00
Sultan HB X Singgung Menu Makan Bergizi Gratis Cepat Basi,https://news.detik.com/berita/d-8131518/sultan-hb-x-singgung-menu-makan-bergizi-gratis-cepat-basi,2025-09-26T13:15:18+07:00
"Ikan Hiu Goreng Jadi Menu MBG di Ketapang, Dokter: Merkurinya Tinggi",https://health.detik.com/berita-detikhealth/d-8131490/ikan-hiu-goreng-jadi-menu-mbg-di-ketapang-dokter-merkurinya-tinggi,2025-09-26T13:05:18+07:00
"Sentil MBG, Sultan HB X Cerita Pengalaman Dapur Umum Erupsi Merapi",https://www.detik.com/jogja/berita/d-8131438/sentil-mbg-sultan-hb-x-cerita-pengalaman-dapur-umum-erupsi-merapi,2025-09-26T12:33:56+07:00
"Ramai Kasus Keracunan MBG Hiu Goreng, Apakah Manusia Bisa Makan Daging Hiu?",https://www.detik.com/edu/sekolah/d-8131358/ramai-kasus-keracunan-mbg-hiu-goreng-apakah-manusia-bisa-makan-daging-hiu,2025-09-26T12:30:00+07:00
Kelas Menengah Tetap 'Gigit Jari' Meski Prabowo Beri Stimulus Ekonomi?,https://finance.detik.com/berita-ekonomi-bisnis/d-7946221/kelas-menengah-tetap-gigit-jari-meski-prabowo-beri-stimulus-ekonomi,2025-06-03T14:50:25+07:00
"Perkuat UMKM, Bupati Kebumen Luncurkan Program Stimulus untuk Rehab Warung",https://www.detik.com/jateng/berita/d-7486710/perkuat-umkm-bupati-kebumen-luncurkan-program-stimulus-untuk-rehab-warung,2024-08-12T22:25:17+07:00
Hore! Keringanan Cicilan Mobil-Motor Diperpanjang hingga 2023,https://finance.detik.com/moneter/d-5887638/hore-keringanan-cicilan-mobil-motor-diperpanjang-hingga-2023,2022-01-07T09:31:40+07:00
"Pelonggaran Buyback-Private Placement, Ini 10 Stimulus OJK buat Pasar Modal",https://finance.detik.com/moneter/d-5688142/pelonggaran-buyback-private-placement-ini-10-stimulus-ojk-buat-pasar-modal,2021-08-19T14:32:01+07:00
Asyik... Masih Ada Diskon Tarif Listrik saat PPKM Darurat,https://finance.detik.com/foto-bisnis/d-5649860/asyik-masih-ada-diskon-tarif-listrik-saat-ppkm-darurat,2021-07-20T13:11:19+07:00
"Operasional Minus Terus, Agen Umroh Harap Pemerintah Beri Stimulus",https://travel.detik.com/travel-news/d-5677947/operasional-minus-terus-agen-umroh-harap-pemerintah-beri-stimulus,2021-08-11T09:21:33+07:00
Bank BUMN Guyur Stimulus Rp 370 T Kerek Ekonomi RI,https://finance.detik.com/moneter/d-5672447/bank-bumn-guyur-stimulus-rp-370-t-kerek-ekonomi-ri,2021-08-06T15:44:20+07:00
"Jumbo! Biden Rilis Rencana Anggaran Rp 85 Kuadriliun, Buat Aja Tuh?",https://finance.detik.com/berita-ekonomi-bisnis/d-5588044/jumbo-biden-rilis-rencana-anggaran-rp-85-kuadriliun-buat-aja-tuh,2021-05-31T10:23:06+07:00
"Food Tray MBG Wajib SNI Tahun Ini, Ompreng Tak Standar Dilarang Edar",https://news.detik.com/berita/d-8131691/food-tray-mbg-wajib-sni-tahun-ini-ompreng-tak-standar-dilarang-edar,2025-09-01T00:00:00+07:00
Imparsial Minta Evaluasi Aturan Senpi TNI Buntut Prajurit Ngamuk di Gowa,https://news.detik.com/berita/d-8131687/imparsial-minta-evaluasi-aturan-senpi-tni-buntut-prajurit-ngamuk-di-gowa,2025-09-02T00:00:00+07:00
Jokowi Cerita soal Perannya Jadi Dewan Penasihat Bloomberg New Economy,https://news.detik.com/berita/d-8131659/jokowi-cerita-soal-perannya-jadi-dewan-penasihat-bloomberg-new-economy,2025-09-10T00:00:00+07:00
"Wamensesneg Sebut Tim Reformasi Polri Ad Hoc, Masa Kerja 6 Bulan",https://news.detik.com/berita/d-8131656/wamensesneg-sebut-tim-reformasi-polri-ad-hoc-masa-kerja-6-bulan,2025-09-11T00:00:00+07:00
Wamensos Sambut Usulan Pahlawan Nasional dari Ranah Minang,https://news.detik.com/berita/d-8131652/wamensos-sambut-usulan-pahlawan-nasional-dari-ranah-minang,2025-09-13T00:00:00+07:00
"Jatim Sportiv Festival Raih Rekor MURI, Ini Pesan Gubernur Khofifah",https://news.detik.com/berita/d-8131642/jatim-sportiv-festival-raih-rekor-muri-ini-pesan-gubernur-khofifah,2025-09-21T00:00:00+07:00
"Diduga Cemari 2 Setu di Depok, Kandang dan Rumah Potong Hewan Disegel KLH",https://news.detik.com/berita/d-8131640/diduga-cemari-2-setu-di-depok-kandang-dan-rumah-potong-hewan-disegel-klh,2025-09-22T00:00:00+07:00
"Diusir Warga, Eks Dosen UIN Malang yang Viral Minta Waktu hingga Rumah Laku",https://news.detik.com/berita/d-8131635/diusir-warga-eks-dosen-uin-malang-yang-viral-minta-waktu-hingga-rumah-laku,2025-09-24T00:00:00+07:00
"Pikap Double Cabin Sule Kena Tilang Dishub karena KIR, Ini Aturannya",https://news.detik.com/berita/d-8131622/pikap-double-cabin-sule-kena-tilang-dishub-karena-kir-ini-aturannya,2025-09-29T00:00:00+07:00
"Kawasan Transmigrasi Akan Terintegrasi dengan Industri, Warga Bisa Dapat Saham",https://news.detik.com/berita/d-8131605/kawasan-transmigrasi-akan-terintegrasi-dengan-industri-warga-bisa-dapat-saham,2037-09-26T00:00:00+07:00
"14 Ribu Rumah di Bogor Tak Layak Huni, Pemkab Target Perbaikan 3 Tahun",https://news.detik.com/berita/d-8131591/14-ribu-rumah-di-bogor-tak-layak-huni-pemkab-target-perbaikan-3-tahun,2043-09-26T00:00:00+07:00
Wamensesneg Yakin Prabowo Sudah Tahu Kasus Ribuan Siswa Keracunan MBG,https://news.detik.com/berita/d-8131588/wamensesneg-yakin-prabowo-sudah-tahu-kasus-ribuan-siswa-keracunan-mbg,2044-09-26T00:00:00+07:00
4 Siswa SMP di Jonggol Bogor Diduga Keracunan Menu Makan Bergizi Gratis,https://news.detik.com/berita/d-8131586/4-siswa-smp-di-jonggol-bogor-diduga-keracunan-menu-makan-bergizi-gratis,2047-09-26T00:00:00+07:00
"HUT Ke-80 TNI, Kodim 0606 Kota Bogor Bagikan 1.000 Paket Sembako untuk Masyarakat",https://news.detik.com/berita/d-8131574/hut-ke-80-tni-kodim-0606-kota-bogor-bagikan-1-000-paket-sembako-untuk-masyarakat,2049-09-26T00:00:00+07:00
Nasib 5 Kucing Tiara Usai Mutilasi Sadis Alvi,https://news.detik.com/berita/d-8131573/nasib-5-kucing-tiara-usai-mutilasi-sadis-alvi,2051-09-26T00:00:00+07:00
"Revisi UU BUMN Hanya Hitungan Hari, Menkum Ungkit Putusan MK",https://news.detik.com/berita/d-8131572/revisi-uu-bumn-hanya-hitungan-hari-menkum-ungkit-putusan-mk,2052-09-26T00:00:00+07:00
Pasutri Viral Bawa Kabur Makanan Bikin Resto di Kemang Rugi Rp 500 Ribu,https://news.detik.com/berita/d-8131541/pasutri-viral-bawa-kabur-makanan-bikin-resto-di-kemang-rugi-rp-500-ribu,2025-09-01T00:00:00+07:00
Menkum soal Sosok Kepala BP BUMN: Sepenuhnya Tergantung Presiden,https://news.detik.com/berita/d-8131533/menkum-soal-sosok-kepala-bp-bumn-sepenuhnya-tergantung-presiden,2025-09-01T00:00:00+07:00
BPJPH Perkuat Kolaborasi Halal Global Lewat Forum INA-LAC 2025 di Brasil,https://news.detik.com/berita/d-8131528/bpjph-perkuat-kolaborasi-halal-global-lewat-forum-ina-lac-2025-di-brasil,2025-09-01T00:00:00+07:00
"Keracunan Massal Terus Terjadi, Program MBG Dinilai Minim Pengawasan dan KajianREGIONAL26/09/2025",https://regional.kompas.com/read/2025/09/26/141802978/keracunan-massal-terus-terjadi-program-mbg-dinilai-minim-pengawasan-dan,2025-09-26T00:00:00+07:00
"Siswa Temukan Ulat pada Menu MBG, Dandim Sikka: Perlu DiselidikiREGIONAL26/09/2025",https://regional.kompas.com/read/2025/09/26/140803178/siswa-temukan-ulat-pada-menu-mbg-dandim-sikka-perlu-diselidiki,2025-09-26T00:00:00+07:00
"105 Siswa di Sumedang Keracunan MBG, Sejumlah Korban Dirawat di Selasar RSPROV26/09/2025",https://www.kompas.com/jawa-barat/read/2025/09/26/140000088/105-siswa-di-sumedang-keracunan-mbg-sejumlah-korban-dirawat-di,2025-09-26T00:00:00+07:00
"103 Siswa Keracunan MBG, Bupati Sumedang Kumpulkan Seluruh Kepala Dapur SPPGREGIONAL26/09/2025",https://bandung.kompas.com/read/2025/09/26/135118378/103-siswa-keracunan-mbg-bupati-sumedang-kumpulkan-seluruh-kepala-dapur-sppg,2025-09-26T00:00:00+07:00
"Marak Keracunan MBG Dinilai karena Eksekusi ""Asal Ada"", Tak Perhatikan Sasaran dan KualitasREGIONAL26/09/2025",https://regional.kompas.com/read/2025/09/26/134537578/marak-keracunan-mbg-dinilai-karena-eksekusi-asal-ada-tak-perhatikan-sasaran,2025-09-26T00:00:00+07:00
"IESR Sebut Perlu Stimulus Pembiayaan ""Waste to Energy"" Atasi Darurat SampahLESTARI26/09/2025",https://lestari.kompas.com/read/2025/09/26/134500586/iesr-sebut-perlu-stimulus-pembiayaan-waste-to-energy-atasi-darurat-sampah,2025-09-26T00:00:00+07:00
"Kasus Keracunan MBG Makin Marak, Badan Gizi Nasional Akan Lakukan IniTREN26/09/2025",https://www.kompas.com/tren/read/2025/09/26/134500765/kasus-keracunan-mbg-makin-marak-badan-gizi-nasional-akan-lakukan-ini,2025-09-26T00:00:00+07:00
"Pilih Tolak MBG, Ketua Yayasan di Jombang: Prioritaskan Sekolah yang Membutuhkan SajaREGIONAL26/09/2025",https://surabaya.kompas.com/read/2025/09/26/134306278/pilih-tolak-mbg-ketua-yayasan-di-jombang-prioritaskan-sekolah-yang,2025-09-26T00:00:00+07:00
"Ratusan Siswa Keracunan, MBG Disetop Sementara di Sejumlah Daerah di LampungREGIONAL26/09/2025",https://regional.kompas.com/read/2025/09/26/133410778/ratusan-siswa-keracunan-mbg-disetop-sementara-di-sejumlah-daerah-di-lampung,2025-09-26T00:00:00+07:00
Bakteri Salmonella hingga Bacillus Cereus Dominasi Kasus Keracunan MBG di JabarREGIONAL26/09/2025,https://bandung.kompas.com/read/2025/09/26/133308278/bakteri-salmonella-hingga-bacillus-cereus-dominasi-kasus-keracunan-mbg-di,2025-09-26T00:00:00+07:00
"Sebelum Keracunan, Ini Menu MBG yang Dikonsumsi Siswa SD di BanyumasREGIONAL26/09/2025",https://regional.kompas.com/read/2025/09/26/131019678/sebelum-keracunan-ini-menu-mbg-yang-dikonsumsi-siswa-sd-di-banyumas,2025-09-26T00:00:00+07:00
"YLKI Desak Pemerintah Benahi Program MBG akibat Ribuan Anak Keracunan, Ini Poin-poinnyaTREN26/09/2025",https://www.kompas.com/tren/read/2025/09/26/130000165/ylki-desak-pemerintah-benahi-program-mbg-akibat-ribuan-anak-keracunan-ini,2025-09-26T00:00:00+07:00
"Diduga Keracunan MBG, Puluhan Siswa SD di Banyumas Belum Sekolah Sejak RabuREGIONAL26/09/2025",https://regional.kompas.com/read/2025/09/26/121331978/diduga-keracunan-mbg-puluhan-siswa-sd-di-banyumas-belum-sekolah-sejak-rabu,2025-09-26T00:00:00+07:00
Mobil Box Muat 309 Porsi Menu MBG Terbalik di PamekasanREGIONAL26/09/2025,https://surabaya.kompas.com/read/2025/09/26/115613578/mobil-box-muat-309-porsi-menu-mbg-terbalik-di-pamekasan,2025-09-26T00:00:00+07:00
Keracunan MBG Puluhan Siswa SD di Banyumas Sempat Berusaha DitutupiREGIONAL26/09/2025,https://regional.kompas.com/read/2025/09/26/115019278/keracunan-mbg-puluhan-siswa-sd-di-banyumas-sempat-berusaha-ditutupi,2025-09-26T00:00:00+07:00
"Eks Wamenlu: Jokowi Selalu Absen Sidang PBB, Muncul Kesan Indonesia Punggungi Diplomasi Multilateral",https://www.tribunnews.com/nasional/7733163/eks-wamenlu-jokowi-selalu-absen-sidang-pbb-muncul-kesan-indonesia-punggungi-diplomasi-multilateral,2025-09-24T23:51:00+07:00
Pelatih Malut United Ungkap Kunci Penting untuk Curi 3 Poin dari Markas Bhayangkara FC,https://www.tribunnews.com/superskor/7733137/pelatih-malut-united-ungkap-kunci-penting-untuk-curi-3-poin-dari-markas-bhayangkara-fc,2025-09-24T21:36:00+07:00
Kabareskrim Respons Tokoh GNB Tuntut Delpedro Cs Dibebaskan: Proses Penyidikan Masih Berlangsung,https://www.tribunnews.com/nasional/7733138/kabareskrim-respons-tokoh-gnb-tuntut-delpedro-cs-dibebaskan-proses-penyidikan-masih-berlangsung,2025-09-24T21:41:00+07:00
"Zaskia Adya Mecca Tahu Identitas Terduga Penganiaya Karyawannya, Polisi Bilang Begini",https://www.tribunnews.com/metropolitan/7733139/zaskia-adya-mecca-tahu-identitas-terduga-penganiaya-karyawannya-polisi-bilang-begini,2025-09-24T21:42:00+07:00
"Prakiraan Cuaca Kota Kendari Kamis, 25 September 2025: Pagi hingga Sore Hari Dominan Cerah",https://www.tribunnews.com/regional/7733140/prakiraan-cuaca-kota-kendari-kamis-25-september-2025-pagi-hingga-sore-hari-dominan-cerah,2025-09-24T21:43:00+07:00
Sarwendah Batasi Hubungannya dengan Giorgio Antonio sebagai Teman kerja,https://www.tribunnews.com/seleb/7733141/sarwendah-batasi-hubungannya-dengan-giorgio-antonio-sebagai-teman-kerja,2025-09-24T21:44:00+07:00
"Indonesia Disebut Bisa Usulkan SBY jadi Sekjen PBB, Apa Saja Syaratnya?",https://www.tribunnews.com/nasional/7733142/indonesia-disebut-bisa-usulkan-sby-jadi-sekjen-pbb-apa-saja-syaratnya,2025-09-24T21:47:00+07:00
"Jangan Stres, Ini yang Dilakukan Nikita Willy ketika Anak Susah Makan",https://www.tribunnews.com/seleb/7733143/jangan-stres-ini-yang-dilakukan-nikita-willy-ketika-anak-susah-makan,2025-09-24T21:55:00+07:00
"Sempat Kritik Keterlibatan TNI dalam MBG, Ketua Komisi D DPRD Blora Minta Maaf ke Komandan Kodim",https://www.tribunnews.com/regional/7733135/sempat-kritik-keterlibatan-tni-dalam-mbg-ketua-komisi-d-dprd-blora-minta-maaf-ke-komandan-kodim,2025-09-24T21:30:00+07:00
"Siswa Diduga Keracunan MBG di Mamuju, Ada Saus Kedaluwarsa Sejak Februari",https://www.tribunnews.com/regional/7733136/siswa-diduga-keracunan-mbg-di-mamuju-ada-saus-kedaluwarsa-sejak-februari,2025-09-24T21:35:00+07:00
Modal Positif Timnas Indonesia Tatap Ronde Keempat: Performa Para Pemain Abroad Kinclong,https://www.tribunnews.com/superskor/7733134/modal-positif-timnas-indonesia-tatap-ronde-keempat-performa-para-pemain-abroad-kinclong,2025-09-24T21:29:00+07:00
"Lebih dari 1.000 Siswa di Bandung Barat Keracunan MBG, Pemkab Tetapkan KLB",https://www.tribunnews.com/regional/7733118/lebih-dari-1000-siswa-di-bandung-barat-keracunan-mbg-pemkab-tetapkan-klb,2025-09-24T20:58:00+07:00
"Mobil Pikap Ditemper KA Tawangjaya Premium di Cirebon, Menewaskan 2 Orang",https://www.tribunnews.com/regional/7733105/mobil-pikap-ditemper-ka-tawangjaya-premium-di-cirebon-menewaskan-2-orang,2025-09-24T20:25:00+07:00
"Jadwal 16 Besar Korea Open 2025: Ujian Berat Ginting, Apri/Fadia Ketemu Jagoan Tuan Rumah",https://www.tribunnews.com/sport/7733106/jadwal-16-besar-korea-open-2025-ujian-berat-ginting-aprifadia-ketemu-jagoan-tuan-rumah,2025-09-24T20:27:00+07:00
Cek Enda: Peningkatan Investasi Hulu Migas Momentum Perkuat TKDN dan Dukung Ekonomi Daerah Penghasil,https://www.tribunnews.com/gebrakan-sang-pemimpin/7733107/cek-enda-peningkatan-investasi-hulu-migas-momentum-perkuat-tkdn-dan-dukung-ekonomi-daerah-penghasil,2025-09-24T20:28:00+07:00
"Kecelakaan Maut di Flyover Pesing Jakarta Barat, Pengendara Motor Tewas Setelah Tabrak Truk",https://www.tribunnews.com/metropolitan/7733108/kecelakaan-maut-di-flyover-pesing-jakarta-barat-pengendara-motor-tewas-setelah-tabrak-truk,2025-09-24T20:31:00+07:00
"Bukan Monopoli, Ini Alasan Pemerintah Tegas Atur Kuota Impor BBM",https://www.tribunnews.com/tribunners/7733109/bukan-monopoli-ini-alasan-pemerintah-tegas-atur-kuota-impor-bbm,2025-09-24T20:36:00+07:00
"Modal Positif Timnas Indonesia Jelang Round 4, Ole Romeny Comeback dari Cedera",https://www.tribunnews.com/superskor/7733110/modal-positif-timnas-indonesia-jelang-round-4-ole-romeny-comeback-dari-cedera,2025-09-24T20:37:00+07:00
Reaksi PKB Hingga PDIP Sikapi 'Cawe-cawe' Jokowi yang Dorong Prabowo-Gibran 2 Periode,https://www.tribunnews.com/nasional/7733111/reaksi-pkb-hingga-pdip-sikapi-cawe-cawe-jokowi-yang-dorong-prabowo-gibran-2-periode,2025-09-24T20:37:00+07:00
Hal Memberatkan dan Meringankan Jonathan Frizzy hingga Jaksa Menuntutnya 1 Tahun Penjara,https://www.tribunnews.com/seleb/7733112/hal-memberatkan-dan-meringankan-jonathan-frizzy-hingga-jaksa-menuntutnya-1-tahun-penjara,2025-09-24T20:38:00+07:00
"Kunci Jawaban Bahasa Inggris Kelas 9 Halaman 85, Worksheet 2.3",https://www.tribunnews.com/pendidikan/7733113/kunci-jawaban-bahasa-inggris-kelas-9-halaman-85-worksheet-23,2025-09-24T20:41:00+07:00
Syaifullah Tamliha: Banyak Kader PPP Pindah ke Partai Lain Jika Mardiono Kembali Jadi Ketua Umum,https://www.tribunnews.com/nasional/7733114/syaifullah-tamliha-banyak-kader-ppp-pindah-ke-partai-lain-jika-mardiono-kembali-jadi-ketua-umum,2025-09-24T20:44:00+07:00
Andi Gani Tinjau Sekolah dan Resmikan Pembangunan Rumah Tahfidz di Pali Sumatera Selatan,https://www.tribunnews.com/regional/7733115/andi-gani-tinjau-sekolah-dan-resmikan-pembangunan-rumah-tahfidz-di-pali-sumatera-selatan,2025-09-24T20:48:00+07:00
"Jenazah WNA Australia Dipulangkan Tanpa Jantung, RS Sanglah Tegaskan Bukan Pencurian Organ",https://www.tribunnews.com/regional/7733116/jenazah-wna-australia-dipulangkan-tanpa-jantung-rs-sanglah-tegaskan-bukan-pencurian-organ,2025-09-24T20:54:00+07:00
"Kecelakaan Libatkan Transjakarta, Bebizie: Jangan Hanya Sopir yang Disalahkan",https://www.tribunnews.com/metropolitan/7733117/kecelakaan-libatkan-transjakarta-bebizie-jangan-hanya-sopir-yang-disalahkan,2025-09-24T20:54:00+07:00
Cerita Warga Terjebak Macet Horor Jakarta Imbas Penutupan GT Semanggi I: Palmerah-Bekasi 3 Jam,https://www.tribunnews.com/metropolitan/7733119/cerita-warga-terjebak-macet-horor-jakarta-imbas-penutupan-gt-semanggi-i-palmerah-bekasi-3-jam,2025-09-24T21:00:00+07:00
Pemerintah Bebaskan PPN 100 Persen Pembelian Rumah Senilai Rp 2 Miliar hingga Akhir 2026,https://www.tribunnews.com/bisnis/7733133/pemerintah-bebaskan-ppn-100-persen-pembelian-rumah-senilai-rp-2-miliar-hingga-akhir-2026,2025-09-24T21:29:00+07:00
"Moskow Diguyur Serangan Drone Besar-besaran Ukraina, Kilang Gazprom Kena Hantam 2 Kali dalam Sepekan",https://www.tribunnews.com/internasional/7733120/moskow-diguyur-serangan-drone-besar-besaran-ukraina-kilang-gazprom-kena-hantam-2-kali-dalam-sepekan,2025-09-24T21:01:00+07:00
"Demi Netanyahu, AS Ancam Lumpuhkan ICC: Sanksi Menyeluruh Bisa Bikin Pengadilan Mati Mesin",https://www.tribunnews.com/internasional/7733121/demi-netanyahu-as-ancam-lumpuhkan-icc-sanksi-menyeluruh-bisa-bikin-pengadilan-mati-mesin,2025-09-24T21:03:00+07:00
Hakim Tegur Legal Wilmar Group Beri Kesaksian Berubah-ubah Saat Sidang: Ada yang Saudara Sembunyikan,https://www.tribunnews.com/nasional/7733122/hakim-tegur-legal-wilmar-group-beri-kesaksian-berubah-ubah-saat-sidang-ada-yang-saudara-sembunyikan,2025-09-24T21:03:00+07:00
Shayne Pattynama dan Sandy Walsh Kompak Absen Perkuat Buriram United,https://www.tribunnews.com/superskor/7733123/shayne-pattynama-dan-sandy-walsh-kompak-absen-perkuat-buriram-united,2025-09-24T21:07:00+07:00
Pemerintah Tebar 52.400 Ton Jagung Pakan Murah ke 2.109 Peternak,https://www.tribunnews.com/bisnis/7733124/pemerintah-tebar-52400-ton-jagung-pakan-murah-ke-2109-peternak,2025-09-24T21:13:00+07:00
Polisi Kesulitan Identifikasi Pelaku Penganiayaan Karyawan Zaskia Adya Mecca: Motor Tanpa Pelat,https://www.tribunnews.com/metropolitan/7733125/polisi-kesulitan-identifikasi-pelaku-penganiayaan-karyawan-zaskia-adya-mecca-motor-tanpa-pelat,2025-09-24T21:15:00+07:00
Munas V Ikatan Alumni UPN Veteran Jakarta Tetapkan Ketua Umum Baru,https://www.tribunnews.com/nasional/7733126/munas-v-ikatan-alumni-upn-veteran-jakarta-tetapkan-ketua-umum-baru,2025-09-24T21:16:00+07:00
"Macet Total di Sekitar Gedung DPR RI Malam Ini, Polisi: Imbas Perbaikan Gerbang Tol Semanggi 1",https://www.tribunnews.com/metropolitan/7733127/macet-total-di-sekitar-gedung-dpr-ri-malam-ini-polisi-imbas-perbaikan-gerbang-tol-semanggi-1,2025-09-24T21:17:00+07:00
Pemerintah Bakal Gelar Akad Massal 25 Ribu Rumah Subsidi Pekan Depan,https://www.tribunnews.com/bisnis/7733128/pemerintah-bakal-gelar-akad-massal-25-ribu-rumah-subsidi-pekan-depan,2025-09-24T21:18:00+07:00
"Kecelakaan Tunggal di Kolaka Utara, Truk Tangki Terjun ke Jurang, Sopir Meninggal Dunia",https://www.tribunnews.com/regional/7733129/kecelakaan-tunggal-di-kolaka-utara-truk-tangki-terjun-ke-jurang-sopir-meninggal-dunia,2025-09-24T21:21:00+07:00
Rencana Dasco Bentuk Badan Pelaksana Reforma Agraria Dinilai Jadi Momentum Jawab Tuntutan Publik,https://www.tribunnews.com/nasional/7733130/rencana-dasco-bentuk-badan-pelaksana-reforma-agraria-dinilai-jadi-momentum-jawab-tuntutan-publik,2025-09-24T21:21:00+07:00
"Budi Gunawan dan Hendi Terpental dari Kabinet, Bagaimana Hubungan PDIP-Megawati dengan Prabowo?",https://www.tribunnews.com/nasional/7733131/budi-gunawan-dan-hendi-terpental-dari-kabinet-bagaimana-hubungan-pdip-megawati-dengan-prabowo,2025-09-24T21:27:00+07:00
"Temukan Adanya Pendana di Balik Demo Ricuh Akhir Agustus 2025, Bareskrim: Masih Proses Pembuktian",https://www.tribunnews.com/nasional/7733132/temukan-adanya-pendana-di-balik-demo-ricuh-akhir-agustus-2025-bareskrim-masih-proses-pembuktian,2025-09-24T21:29:00+07:00
Fraksi Golkar Terima Usulan Skema Hybrid Royalti Musik dari Piyu Padi,https://www.tribunnews.com/nasional/7733162/fraksi-golkar-terima-usulan-skema-hybrid-royalti-musik-dari-piyu-padi,2025-09-24T23:45:00+07:00
Pidato Presiden Prabowo di Sidang PBB Dinilai Cerminan Indonesia Terus Dukung Kemerdekaan Palestina,https://www.tribunnews.com/nasional/7733147/pidato-presiden-prabowo-di-sidang-pbb-dinilai-cerminan-indonesia-terus-dukung-kemerdekaan-palestina,2025-09-24T22:00:00+07:00
Cerita Siswi SMP Angela Margareth Soal Ide Atasi Sampah Organik di Pasar,https://www.tribunnews.com/nasional/7733144/cerita-siswi-smp-angela-margareth-soal-ide-atasi-sampah-organik-di-pasar,2025-09-24T21:55:00+07:00
"Hari Tani Nasional: Merawat Petani, Menjaga Negeri",https://www.tribunnews.com/tribunners/7733145/hari-tani-nasional-merawat-petani-menjaga-negeri,2025-09-24T21:57:00+07:00
"Detik-detik Suami Bunuh Istri di Kebon Jeruk Jakbar, Pelaku Emosi Korban Hendak Pergi ke Kendal",https://www.tribunnews.com/metropolitan/7733146/detik-detik-suami-bunuh-istri-di-kebon-jeruk-jakbar-pelaku-emosi-korban-hendak-pergi-ke-kendal,2025-09-24T21:58:00+07:00
"Rocky Gerung Sebut Prabowo Mulai Tampak Militeristik, Beda dengan SBY yang Juga Berlatar Militer",https://www.tribunnews.com/nasional/7733148/rocky-gerung-sebut-prabowo-mulai-tampak-militeristik-beda-dengan-sby-yang-juga-berlatar-militer,2025-09-24T22:01:00+07:00
Penyanyi Efah Aaralyn Bawakan Lagu 90'an 'Ingat Ingat Pesan Mama',https://www.tribunnews.com/seleb/7733149/penyanyi-efah-aaralyn-bawakan-lagu-90an-ingat-ingat-pesan-mama,2025-09-24T22:03:00+07:00
"Daftar 28 Pemain Timnas Indonesia di Ronde 4 Kualifikasi Piala Dunia: Marselino Out, Ole Comeback",https://www.tribunnews.com/superskor/7733150/daftar-28-pemain-timnas-indonesia-di-ronde-4-kualifikasi-piala-dunia-marselino-out-ole-comeback,2025-09-24T22:03:00+07:00
Dino Patti Djalal: Pidato Prabowo di PBB Kontras dengan Gaya Trump,https://www.tribunnews.com/nasional/7733151/dino-patti-djalal-pidato-prabowo-di-pbb-kontras-dengan-gaya-trump,2025-09-24T22:14:00+07:00
"Petugas Kebersihan Ditemukan Tewas di Selokan Dekat Polda Jateng, Sebelumnya Izin Tidak Masuk Kerja",https://www.tribunnews.com/regional/7733152/petugas-kebersihan-ditemukan-tewas-di-selokan-dekat-polda-jateng-sebelumnya-izin-tidak-masuk-kerja,2025-09-24T22:16:00+07:00
Apa Itu UTS Insearch yang Ada di Data Pendidikan Gibran Rakabuming Raka dan Dipersoalkan Roy Suryo?,https://www.tribunnews.com/nasional/7733153/apa-itu-uts-insearch-yang-ada-di-data-pendidikan-gibran-rakabuming-raka-dan-dipersoalkan-roy-suryo,2025-09-24T22:19:00+07:00
Jerman dan Swedia Kerahkan Jet Tempur Cegat Pesawat Pengintai IL-20M Rusia di Atas Laut Baltik,https://www.tribunnews.com/internasional/7733154/jerman-dan-swedia-kerahkan-jet-tempur-cegat-pesawat-pengintai-il-20m-rusia-di-atas-laut-baltik,2025-09-24T22:22:00+07:00
Kemendes Siap Tindaklanjuti Rekomendasi BPK Usai Raih WTP,https://www.tribunnews.com/nasional/7733155/kemendes-siap-tindaklanjuti-rekomendasi-bpk-usai-raih-wtp,2025-09-24T22:34:00+07:00
Kunci Jawaban Pendidikan Pancasila Kelas 5 SD Kurikulum Merdeka Halaman 124:  Satu Nusa Satu Bangsa,https://www.tribunnews.com/pendidikan/7733156/kunci-jawaban-pendidikan-pancasila-kelas-5-sd-kurikulum-merdeka-halaman-124-satu-nusa-satu-bangsa,2025-09-24T22:40:00+07:00
Mantan Duta Besar AS untuk NATO: Drone Rusia ke Polandia Adalah Tindakan Disengaja,https://www.tribunnews.com/internasional/7733157/mantan-duta-besar-as-untuk-nato-drone-rusia-ke-polandia-adalah-tindakan-disengaja,2025-09-24T22:40:00+07:00
Kemenko Polkam Bubarkan Desk Koordinasi Penanggulangan Karhutla,https://www.tribunnews.com/nasional/7733158/kemenko-polkam-bubarkan-desk-koordinasi-penanggulangan-karhutla,2025-09-24T23:06:00+07:00
Ekspor BBM Rusia Anjlok ke Level Terendah Gegara Ukraina Serang Besar-besaran Kilang Minyak Moskow,https://www.tribunnews.com/internasional/7733159/ekspor-bbm-rusia-anjlok-ke-level-terendah-gegara-ukraina-serang-besar-besaran-kilang-minyak-moskow,2025-09-24T23:10:00+07:00
"3 Fakta Baru Kasus Kematian Bocah Perempuan di Penjaringan, Ditemukan Luka Terbuka di Kepala",https://www.tribunnews.com/metropolitan/7733160/3-fakta-baru-kasus-kematian-bocah-perempuan-di-penjaringan-ditemukan-luka-terbuka-di-kepala,2025-09-24T23:25:00+07:00
Kapolri Libatkan Pakar dan Akademisi dalam Rapat Akselerasi Transformasi Polri,https://www.tribunnews.com/nasional/7733161/kapolri-libatkan-pakar-dan-akademisi-dalam-rapat-akselerasi-transformasi-polri,2025-09-24T23:40:00+07:00
"Angkat Derajat Cremonese, Pijakan Emil Audero Jadi Kiper Utama Timnas Indonesia di Ronde 4",https://www.tribunnews.com/superskor/7733104/angkat-derajat-cremonese-pijakan-emil-audero-jadi-kiper-utama-timnas-indonesia-di-ronde-4,2025-09-24T20:24:00+07:00
"5 Tips Memperbaiki Toxic Relationship, Segera Ubah",https://www.idntimes.com/life/relationship/5-tips-memperbaiki-toxic-relationship-segera-ubah-01-gxmly-qww385,2025-01-11T05:16:00+07:00
4 Tips Memperbaiki Bumper Mobil yang Penyok,https://www.idntimes.com/automotive/car/4-tips-memperbaiki-bumper-mobil-yang-penyok-c1c2-01-rbgc6-2x8syr,2024-11-04T16:40:00+07:00
"5 Tips Memperbaiki Hubungan Tanpa Putus, Jangan Biarkan Kandas!",https://www.idntimes.com/life/relationship/5-tips-memperbaiki-hubungan-tanpa-putus-jangan-biarkan-kandas-01-fkmt4-ygzk1c,2024-09-13T02:03:00+07:00
"7 Tips Memperbaiki Kondisi Keuangan yang Mulai Menipis, Wajib Tahu!",https://www.idntimes.com/men/attitude/7-tips-memperbaiki-kondisi-keuangan-yang-mulai-menipis-wajib-tahu-01-tg1j7-l3vdhh,2024-08-21T06:02:00+07:00
5 Tips Memperbaiki Hubungan yang Rusak Akibat Golden Child Syndrome,https://www.idntimes.com/life/family/5-tips-memperbaiki-hubungan-yang-rusak-akibat-golden-child-syndrome-01-fqxf8-mwr7b6,2025-01-09T20:12:00+07:00
"5 Tips Memperbaiki Hubungan yang Diuji oleh Kebohongan, Simak Ya!",https://www.idntimes.com/men/attitude/5-tips-memperbaiki-hubungan-yang-diuji-oleh-kebohongan-simak-ya-01-tg1j7-wv65bf,2025-04-04T13:02:00+07:00
Menkeu Purbaya Berencana  Kurangi Subsidi Listrik dan Beralih ke PLTS,https://www.idntimes.com/business/economy/menkeu-purbaya-berencana-kurangi-subsidi-listrik-dan-beralih-ke-plts-00-gshdq-m979x0,2025-09-20T22:10:00+07:00
CEK FAKTA: Purbaya Minta Rakyat Sumbang bila Ingin Ekonomi Maju?,https://www.idntimes.com/business/economy/cek-fakta-purbaya-minta-rakyat-sumbang-bila-ingin-ekonomi-maju-00-rgfwk-qn0ffz,2025-09-26T09:30:00+07:00
Purbaya: Tidak Ada Manipulasi pada Data Pertumbuhan Ekonomi Q2,https://www.idntimes.com/business/economy/purbaya-tidak-ada-manipulasi-pada-data-pertumbuhan-ekonomi-q2-00-gshdq-s4g41g,2025-09-22T16:45:00+07:00
Bos BSI Buka Suara Soal Titipan Dana Rp10 Triliun dari Menkeu Purbaya,https://www.idntimes.com/business/economy/bos-bsi-buka-suara-soal-titipan-dana-rp10-triliun-dari-menkeu-purbaya-00-bvq5c-wn60ws,2025-09-22T15:30:00+07:00
Menkeu Purbaya: Risiko Kredit Fiktif dalam Dana Rp200 T Tetap Ada,https://www.idntimes.com/business/economy/menkeu-purbaya-risiko-kredit-fiktif-dalam-dana-rp200-t-tetap-ada-00-gshdq-gyphns,2025-09-20T16:47:00+07:00
Koalisi Desak Purbaya Naikkan Tarif Cukai Rokok demi Kesehatan Masyarakat,https://www.idntimes.com/news/indonesia/koalisi-desak-purbaya-naikkan-tarif-cukai-rokok-demi-kesehatan-masyarakat-00-481xk-g8psbq,2025-09-23T15:38:00+07:00
"Kejar Pertumbuhan Ekonomi 8 Persen, Purbaya Terapkan Sumitronomics",https://www.idntimes.com/business/economy/kejar-pertumbuhan-ekonomi-8-persen-purbaya-terapkan-sumitronomics-00-jnnzw-z7btlp,2025-09-23T19:26:00+07:00
Efek The Fed hingga Purbaya Bikin Rupiah Melemah Hari Ini,https://www.idntimes.com/business/economy/efek-the-fed-hingga-purbaya-bikin-rupiah-melemah-hari-ini-00-bvq5c-t3dqj3,2025-09-22T15:59:00+07:00
"Profil Anggito Abimanyu, Wamenkeu yang Jadi Ketua LPS Gantikan Purbaya",https://www.idntimes.com/business/economy/profil-anggito-abimanyu-00-brqf5-pmdk36,2025-09-23T10:18:00+07:00
"Purbaya Buru 200 Penunggak Pajak Besar, Targetkan Dapat Rp60 Triliun",https://www.idntimes.com/business/economy/purbaya-buru-200-penunggak-pajak-besar-targetkan-dapat-rp60-triliun-00-brqf5-s30b21,2025-09-23T19:19:00+07:00
Penjelasan BGN Soal Keracunan Massal Siswa di Ketapang usai Santap Menu MBG Berbahan Ikan ...,https://www.liputan6.com/news/read/6169175/penjelasan-bgn-soal-keracunan-massal-siswa-di-ketapang-usai-santap-menu-mbg-berbahan-ikan-hiu,2025-09-26T10:31:44+07:00
Top 3 News: Istana Tanggapi Usulan Setop Sementara MBG Imbas Banyak Kasus Keracunan,https://www.liputan6.com/news/read/6168942/top-3-news-istana-tanggapi-usulan-setop-sementara-mbg-imbas-banyak-kasus-keracunan,2025-09-26T08:30:06+07:00
"Banyak Siswa Keracunan MBG, Cucun DPR: Jangan Program Visioner Ini Rusak Karena Lemahnya P...",https://www.liputan6.com/news/read/6169065/banyak-siswa-keracunan-mbg-cucun-dpr-jangan-program-visioner-ini-rusak-karena-lemahnya-pengawasan,2025-09-26T07:44:43+07:00
"Keracunan Massal MBG, Ahli Gizi Kritik Tata Kelola dan Keamanan Pangan",https://www.liputan6.com/news/read/6168881/keracunan-massal-mbg-ahli-gizi-kritik-tata-kelola-dan-keamanan-pangan,2025-09-26T01:35:21+07:00
"Kasus Keracunan MBG Marak, Pengelola Dapur Diminta Utamakan Kesehatan dan Kebersihan",https://www.liputan6.com/news/read/6169021/kasus-keracunan-mbg-marak-pengelola-dapur-diminta-utamakan-kesehatan-dan-kebersihan,2025-09-26T00:09:16+07:00
